Many modules are hidden in this stack. Use "module --show_hidden spider SOFTWARE" if you are not able to find the required software
Many modules are hidden in this stack. Use "module --show_hidden spider SOFTWARE" if you are not able to find the required software
WARNING: FITSFixedWarning: CROTA = 4.69506977124 / [deg] S/C counter-clockwise roll rel to Solar N
keyword looks very much like CROTAn but isn't. [astropy.wcs.wcs]
WARNING: FITSFixedWarning: 'datfix' made the change 'Set MJDREF to 59876.969164 from DATEREF.
Set MJD-OBS to 59876.969164 from DATE-OBS.
Set MJD-BEG to 59876.969164 from DATE-BEG.
Set MJD-AVG to 59877.036108 from DATE-AVG.
Set MJD-END to 59877.103050 from DATE-END'. [astropy.wcs.wcs]
WARNING: UnitsWarning: 'W/m2/sr/nm' contains multiple slashes, which is discouraged by the FITS standard [astropy.units.format.generic]
/cluster/home/zhuyin/Solar/SPICE_psf_202210/ipynb/spice_1024_parameter_scan_euler.py:114: RuntimeWarning: All-NaN slice encountered
  specmin = np.nanmin(spice_NeVIII_770_window.data[0], axis=2)
/cluster/home/zhuyin/Solar/SPICE_psf_202210/ipynb/spice_1024_parameter_scan_euler.py:116: RuntimeWarning: All-NaN slice encountered
  spice_dat = spice_dat - np.nanmin(spice_dat[np.r_[12:18,33:40],:,:], axis=0)[np.newaxis,:,:]
/cluster/home/zhuyin/Solar/SPICE_psf_202210/ipynb/spice_1024_parameter_scan_euler.py:161: RuntimeWarning: Mean of empty slice
  spice_wlcen0 = spice_la[np.nanargmax(np.nanmean(spice_dat1[:,:,:], axis=(0,1)))]
/cluster/home/zhuyin/sunpy_env/lib/python3.11/site-packages/sharpesst/util.py:83: NumbaWarning: 
Compilation is falling back to object mode WITHOUT looplifting enabled because Function "_masked_medfilt_inner" failed type inference due to: Use of unsupported NumPy function 'numpy.unravel_index' or unsupported use of the function.

File "../../../sunpy_env/lib/python3.11/site-packages/sharpesst/util.py", line 86:
def _masked_medfilt_inner(flatinds,data,footprint_inds,footprint_ind_offset,tparg,dat_pad_shape,data_fppad,mask_fppad,data_filt):
    <source elided>
    for ind in flatinds:
        ijkpad = np.unravel_index(ind,data.shape)+footprint_inds-footprint_ind_offset
        ^

During: typing of get attribute at /cluster/home/zhuyin/sunpy_env/lib/python3.11/site-packages/sharpesst/util.py (86)

File "../../../sunpy_env/lib/python3.11/site-packages/sharpesst/util.py", line 86:
def _masked_medfilt_inner(flatinds,data,footprint_inds,footprint_ind_offset,tparg,dat_pad_shape,data_fppad,mask_fppad,data_filt):
    <source elided>
    for ind in flatinds:
        ijkpad = np.unravel_index(ind,data.shape)+footprint_inds-footprint_ind_offset
        ^

  @numba.jit(fastmath=True, parallel=True, forceobj=True)
0 of 192 0.0
10 of 192 0.0
20 of 192 0.0
30 of 192 0.0
40 of 192 0.0
50 of 192 0.0
60 of 192 0.0
70 of 192 0.0
80 of 192 0.0
90 of 192 0.0
100 of 192 0.0
110 of 192 0.0
120 of 192 0.0
130 of 192 0.0
140 of 192 0.0
150 of 192 0.0
160 of 192 0.0
170 of 192 0.0
180 of 192 0.0
190 of 192 0.0
191 of 192 0.0
/cluster/home/zhuyin/sunpy_env/lib/python3.11/site-packages/sharpesst/util.py:83: NumbaWarning: 
Compilation is falling back to object mode WITHOUT looplifting enabled because Function "_masked_medfilt_inner" failed type inference due to: Use of unsupported NumPy function 'numpy.unravel_index' or unsupported use of the function.

File "../../../sunpy_env/lib/python3.11/site-packages/sharpesst/util.py", line 86:
def _masked_medfilt_inner(flatinds,data,footprint_inds,footprint_ind_offset,tparg,dat_pad_shape,data_fppad,mask_fppad,data_filt):
    <source elided>
    for ind in flatinds:
        ijkpad = np.unravel_index(ind,data.shape)+footprint_inds-footprint_ind_offset
        ^

During: typing of get attribute at /cluster/home/zhuyin/sunpy_env/lib/python3.11/site-packages/sharpesst/util.py (86)

File "../../../sunpy_env/lib/python3.11/site-packages/sharpesst/util.py", line 86:
def _masked_medfilt_inner(flatinds,data,footprint_inds,footprint_ind_offset,tparg,dat_pad_shape,data_fppad,mask_fppad,data_filt):
    <source elided>
    for ind in flatinds:
        ijkpad = np.unravel_index(ind,data.shape)+footprint_inds-footprint_ind_offset
        ^

  @numba.jit(fastmath=True, parallel=True, forceobj=True)
/cluster/home/zhuyin/sunpy_env/lib/python3.11/site-packages/sharpesst/util.py:83: NumbaWarning: 
Compilation is falling back to object mode WITHOUT looplifting enabled because Function "_masked_medfilt_inner" failed type inference due to: Use of unsupported NumPy function 'numpy.unravel_index' or unsupported use of the function.

File "../../../sunpy_env/lib/python3.11/site-packages/sharpesst/util.py", line 86:
def _masked_medfilt_inner(flatinds,data,footprint_inds,footprint_ind_offset,tparg,dat_pad_shape,data_fppad,mask_fppad,data_filt):
    <source elided>
    for ind in flatinds:
        ijkpad = np.unravel_index(ind,data.shape)+footprint_inds-footprint_ind_offset
        ^

During: typing of get attribute at /cluster/home/zhuyin/sunpy_env/lib/python3.11/site-packages/sharpesst/util.py (86)

File "../../../sunpy_env/lib/python3.11/site-packages/sharpesst/util.py", line 86:
def _masked_medfilt_inner(flatinds,data,footprint_inds,footprint_ind_offset,tparg,dat_pad_shape,data_fppad,mask_fppad,data_filt):
    <source elided>
    for ind in flatinds:
        ijkpad = np.unravel_index(ind,data.shape)+footprint_inds-footprint_ind_offset
        ^

  @numba.jit(fastmath=True, parallel=True, forceobj=True)
/cluster/home/zhuyin/sunpy_env/lib/python3.11/site-packages/sharpesst/util.py:83: NumbaWarning: 
Compilation is falling back to object mode WITHOUT looplifting enabled because Function "_masked_medfilt_inner" failed type inference due to: Use of unsupported NumPy function 'numpy.unravel_index' or unsupported use of the function.

File "../../../sunpy_env/lib/python3.11/site-packages/sharpesst/util.py", line 86:
def _masked_medfilt_inner(flatinds,data,footprint_inds,footprint_ind_offset,tparg,dat_pad_shape,data_fppad,mask_fppad,data_filt):
    <source elided>
    for ind in flatinds:
        ijkpad = np.unravel_index(ind,data.shape)+footprint_inds-footprint_ind_offset
        ^

During: typing of get attribute at /cluster/home/zhuyin/sunpy_env/lib/python3.11/site-packages/sharpesst/util.py (86)

File "../../../sunpy_env/lib/python3.11/site-packages/sharpesst/util.py", line 86:
def _masked_medfilt_inner(flatinds,data,footprint_inds,footprint_ind_offset,tparg,dat_pad_shape,data_fppad,mask_fppad,data_filt):
    <source elided>
    for ind in flatinds:
        ijkpad = np.unravel_index(ind,data.shape)+footprint_inds-footprint_ind_offset
        ^

  @numba.jit(fastmath=True, parallel=True, forceobj=True)
/cluster/home/zhuyin/sunpy_env/lib/python3.11/site-packages/sharpesst/util.py:83: NumbaWarning: 
Compilation is falling back to object mode WITHOUT looplifting enabled because Function "_masked_medfilt_inner" failed type inference due to: Use of unsupported NumPy function 'numpy.unravel_index' or unsupported use of the function.

File "../../../sunpy_env/lib/python3.11/site-packages/sharpesst/util.py", line 86:
def _masked_medfilt_inner(flatinds,data,footprint_inds,footprint_ind_offset,tparg,dat_pad_shape,data_fppad,mask_fppad,data_filt):
    <source elided>
    for ind in flatinds:
        ijkpad = np.unravel_index(ind,data.shape)+footprint_inds-footprint_ind_offset
        ^

During: typing of get attribute at /cluster/home/zhuyin/sunpy_env/lib/python3.11/site-packages/sharpesst/util.py (86)

File "../../../sunpy_env/lib/python3.11/site-packages/sharpesst/util.py", line 86:
def _masked_medfilt_inner(flatinds,data,footprint_inds,footprint_ind_offset,tparg,dat_pad_shape,data_fppad,mask_fppad,data_filt):
    <source elided>
    for ind in flatinds:
        ijkpad = np.unravel_index(ind,data.shape)+footprint_inds-footprint_ind_offset
        ^

  @numba.jit(fastmath=True, parallel=True, forceobj=True)
/cluster/home/zhuyin/sunpy_env/lib/python3.11/site-packages/sharpesst/util.py:83: NumbaWarning: 
Compilation is falling back to object mode WITHOUT looplifting enabled because Function "_masked_medfilt_inner" failed type inference due to: Use of unsupported NumPy function 'numpy.unravel_index' or unsupported use of the function.

File "../../../sunpy_env/lib/python3.11/site-packages/sharpesst/util.py", line 86:
def _masked_medfilt_inner(flatinds,data,footprint_inds,footprint_ind_offset,tparg,dat_pad_shape,data_fppad,mask_fppad,data_filt):
    <source elided>
    for ind in flatinds:
        ijkpad = np.unravel_index(ind,data.shape)+footprint_inds-footprint_ind_offset
        ^

During: typing of get attribute at /cluster/home/zhuyin/sunpy_env/lib/python3.11/site-packages/sharpesst/util.py (86)

File "../../../sunpy_env/lib/python3.11/site-packages/sharpesst/util.py", line 86:
def _masked_medfilt_inner(flatinds,data,footprint_inds,footprint_ind_offset,tparg,dat_pad_shape,data_fppad,mask_fppad,data_filt):
    <source elided>
    for ind in flatinds:
        ijkpad = np.unravel_index(ind,data.shape)+footprint_inds-footprint_ind_offset
        ^

  @numba.jit(fastmath=True, parallel=True, forceobj=True)
/cluster/home/zhuyin/sunpy_env/lib/python3.11/site-packages/sharpesst/util.py:83: NumbaWarning: 
Compilation is falling back to object mode WITHOUT looplifting enabled because Function "_masked_medfilt_inner" failed type inference due to: Use of unsupported NumPy function 'numpy.unravel_index' or unsupported use of the function.

File "../../../sunpy_env/lib/python3.11/site-packages/sharpesst/util.py", line 86:
def _masked_medfilt_inner(flatinds,data,footprint_inds,footprint_ind_offset,tparg,dat_pad_shape,data_fppad,mask_fppad,data_filt):
    <source elided>
    for ind in flatinds:
        ijkpad = np.unravel_index(ind,data.shape)+footprint_inds-footprint_ind_offset
        ^

During: typing of get attribute at /cluster/home/zhuyin/sunpy_env/lib/python3.11/site-packages/sharpesst/util.py (86)

File "../../../sunpy_env/lib/python3.11/site-packages/sharpesst/util.py", line 86:
def _masked_medfilt_inner(flatinds,data,footprint_inds,footprint_ind_offset,tparg,dat_pad_shape,data_fppad,mask_fppad,data_filt):
    <source elided>
    for ind in flatinds:
        ijkpad = np.unravel_index(ind,data.shape)+footprint_inds-footprint_ind_offset
        ^

  @numba.jit(fastmath=True, parallel=True, forceobj=True)
/cluster/home/zhuyin/sunpy_env/lib/python3.11/site-packages/sharpesst/util.py:83: NumbaWarning: 
Compilation is falling back to object mode WITHOUT looplifting enabled because Function "_masked_medfilt_inner" failed type inference due to: Use of unsupported NumPy function 'numpy.unravel_index' or unsupported use of the function.

File "../../../sunpy_env/lib/python3.11/site-packages/sharpesst/util.py", line 86:
def _masked_medfilt_inner(flatinds,data,footprint_inds,footprint_ind_offset,tparg,dat_pad_shape,data_fppad,mask_fppad,data_filt):
    <source elided>
    for ind in flatinds:
        ijkpad = np.unravel_index(ind,data.shape)+footprint_inds-footprint_ind_offset
        ^

During: typing of get attribute at /cluster/home/zhuyin/sunpy_env/lib/python3.11/site-packages/sharpesst/util.py (86)

File "../../../sunpy_env/lib/python3.11/site-packages/sharpesst/util.py", line 86:
def _masked_medfilt_inner(flatinds,data,footprint_inds,footprint_ind_offset,tparg,dat_pad_shape,data_fppad,mask_fppad,data_filt):
    <source elided>
    for ind in flatinds:
        ijkpad = np.unravel_index(ind,data.shape)+footprint_inds-footprint_ind_offset
        ^

  @numba.jit(fastmath=True, parallel=True, forceobj=True)
/cluster/home/zhuyin/sunpy_env/lib/python3.11/site-packages/sharpesst/util.py:83: NumbaWarning: 
Compilation is falling back to object mode WITHOUT looplifting enabled because Function "_masked_medfilt_inner" failed type inference due to: Use of unsupported NumPy function 'numpy.unravel_index' or unsupported use of the function.

File "../../../sunpy_env/lib/python3.11/site-packages/sharpesst/util.py", line 86:
def _masked_medfilt_inner(flatinds,data,footprint_inds,footprint_ind_offset,tparg,dat_pad_shape,data_fppad,mask_fppad,data_filt):
    <source elided>
    for ind in flatinds:
        ijkpad = np.unravel_index(ind,data.shape)+footprint_inds-footprint_ind_offset
        ^

During: typing of get attribute at /cluster/home/zhuyin/sunpy_env/lib/python3.11/site-packages/sharpesst/util.py (86)

File "../../../sunpy_env/lib/python3.11/site-packages/sharpesst/util.py", line 86:
def _masked_medfilt_inner(flatinds,data,footprint_inds,footprint_ind_offset,tparg,dat_pad_shape,data_fppad,mask_fppad,data_filt):
    <source elided>
    for ind in flatinds:
        ijkpad = np.unravel_index(ind,data.shape)+footprint_inds-footprint_ind_offset
        ^

  @numba.jit(fastmath=True, parallel=True, forceobj=True)
/cluster/home/zhuyin/sunpy_env/lib/python3.11/site-packages/sharpesst/util.py:83: NumbaWarning: 
Compilation is falling back to object mode WITHOUT looplifting enabled because Function "_masked_medfilt_inner" failed type inference due to: Use of unsupported NumPy function 'numpy.unravel_index' or unsupported use of the function.

File "../../../sunpy_env/lib/python3.11/site-packages/sharpesst/util.py", line 86:
def _masked_medfilt_inner(flatinds,data,footprint_inds,footprint_ind_offset,tparg,dat_pad_shape,data_fppad,mask_fppad,data_filt):
    <source elided>
    for ind in flatinds:
        ijkpad = np.unravel_index(ind,data.shape)+footprint_inds-footprint_ind_offset
        ^

During: typing of get attribute at /cluster/home/zhuyin/sunpy_env/lib/python3.11/site-packages/sharpesst/util.py (86)

File "../../../sunpy_env/lib/python3.11/site-packages/sharpesst/util.py", line 86:
def _masked_medfilt_inner(flatinds,data,footprint_inds,footprint_ind_offset,tparg,dat_pad_shape,data_fppad,mask_fppad,data_filt):
    <source elided>
    for ind in flatinds:
        ijkpad = np.unravel_index(ind,data.shape)+footprint_inds-footprint_ind_offset
        ^

  @numba.jit(fastmath=True, parallel=True, forceobj=True)
/cluster/home/zhuyin/sunpy_env/lib/python3.11/site-packages/sharpesst/util.py:83: NumbaWarning: 
Compilation is falling back to object mode WITHOUT looplifting enabled because Function "_masked_medfilt_inner" failed type inference due to: Use of unsupported NumPy function 'numpy.unravel_index' or unsupported use of the function.

File "../../../sunpy_env/lib/python3.11/site-packages/sharpesst/util.py", line 86:
def _masked_medfilt_inner(flatinds,data,footprint_inds,footprint_ind_offset,tparg,dat_pad_shape,data_fppad,mask_fppad,data_filt):
    <source elided>
    for ind in flatinds:
        ijkpad = np.unravel_index(ind,data.shape)+footprint_inds-footprint_ind_offset
        ^

During: typing of get attribute at /cluster/home/zhuyin/sunpy_env/lib/python3.11/site-packages/sharpesst/util.py (86)

File "../../../sunpy_env/lib/python3.11/site-packages/sharpesst/util.py", line 86:
def _masked_medfilt_inner(flatinds,data,footprint_inds,footprint_ind_offset,tparg,dat_pad_shape,data_fppad,mask_fppad,data_filt):
    <source elided>
    for ind in flatinds:
        ijkpad = np.unravel_index(ind,data.shape)+footprint_inds-footprint_ind_offset
        ^

  @numba.jit(fastmath=True, parallel=True, forceobj=True)
/cluster/home/zhuyin/sunpy_env/lib/python3.11/site-packages/sharpesst/util.py:83: NumbaWarning: 
Compilation is falling back to object mode WITHOUT looplifting enabled because Function "_masked_medfilt_inner" failed type inference due to: Use of unsupported NumPy function 'numpy.unravel_index' or unsupported use of the function.

File "../../../sunpy_env/lib/python3.11/site-packages/sharpesst/util.py", line 86:
def _masked_medfilt_inner(flatinds,data,footprint_inds,footprint_ind_offset,tparg,dat_pad_shape,data_fppad,mask_fppad,data_filt):
    <source elided>
    for ind in flatinds:
        ijkpad = np.unravel_index(ind,data.shape)+footprint_inds-footprint_ind_offset
        ^

During: typing of get attribute at /cluster/home/zhuyin/sunpy_env/lib/python3.11/site-packages/sharpesst/util.py (86)

File "../../../sunpy_env/lib/python3.11/site-packages/sharpesst/util.py", line 86:
def _masked_medfilt_inner(flatinds,data,footprint_inds,footprint_ind_offset,tparg,dat_pad_shape,data_fppad,mask_fppad,data_filt):
    <source elided>
    for ind in flatinds:
        ijkpad = np.unravel_index(ind,data.shape)+footprint_inds-footprint_ind_offset
        ^

  @numba.jit(fastmath=True, parallel=True, forceobj=True)
/cluster/home/zhuyin/sunpy_env/lib/python3.11/site-packages/sharpesst/util.py:83: NumbaWarning: 
Compilation is falling back to object mode WITHOUT looplifting enabled because Function "_masked_medfilt_inner" failed type inference due to: Use of unsupported NumPy function 'numpy.unravel_index' or unsupported use of the function.

File "../../../sunpy_env/lib/python3.11/site-packages/sharpesst/util.py", line 86:
def _masked_medfilt_inner(flatinds,data,footprint_inds,footprint_ind_offset,tparg,dat_pad_shape,data_fppad,mask_fppad,data_filt):
    <source elided>
    for ind in flatinds:
        ijkpad = np.unravel_index(ind,data.shape)+footprint_inds-footprint_ind_offset
        ^

During: typing of get attribute at /cluster/home/zhuyin/sunpy_env/lib/python3.11/site-packages/sharpesst/util.py (86)

File "../../../sunpy_env/lib/python3.11/site-packages/sharpesst/util.py", line 86:
def _masked_medfilt_inner(flatinds,data,footprint_inds,footprint_ind_offset,tparg,dat_pad_shape,data_fppad,mask_fppad,data_filt):
    <source elided>
    for ind in flatinds:
        ijkpad = np.unravel_index(ind,data.shape)+footprint_inds-footprint_ind_offset
        ^

  @numba.jit(fastmath=True, parallel=True, forceobj=True)
/cluster/home/zhuyin/sunpy_env/lib/python3.11/site-packages/sharpesst/util.py:83: NumbaWarning: 
Compilation is falling back to object mode WITHOUT looplifting enabled because Function "_masked_medfilt_inner" failed type inference due to: Use of unsupported NumPy function 'numpy.unravel_index' or unsupported use of the function.

File "../../../sunpy_env/lib/python3.11/site-packages/sharpesst/util.py", line 86:
def _masked_medfilt_inner(flatinds,data,footprint_inds,footprint_ind_offset,tparg,dat_pad_shape,data_fppad,mask_fppad,data_filt):
    <source elided>
    for ind in flatinds:
        ijkpad = np.unravel_index(ind,data.shape)+footprint_inds-footprint_ind_offset
        ^

During: typing of get attribute at /cluster/home/zhuyin/sunpy_env/lib/python3.11/site-packages/sharpesst/util.py (86)

File "../../../sunpy_env/lib/python3.11/site-packages/sharpesst/util.py", line 86:
def _masked_medfilt_inner(flatinds,data,footprint_inds,footprint_ind_offset,tparg,dat_pad_shape,data_fppad,mask_fppad,data_filt):
    <source elided>
    for ind in flatinds:
        ijkpad = np.unravel_index(ind,data.shape)+footprint_inds-footprint_ind_offset
        ^

  @numba.jit(fastmath=True, parallel=True, forceobj=True)
/cluster/home/zhuyin/sunpy_env/lib/python3.11/site-packages/sharpesst/util.py:83: NumbaWarning: 
Compilation is falling back to object mode WITHOUT looplifting enabled because Function "_masked_medfilt_inner" failed type inference due to: Use of unsupported NumPy function 'numpy.unravel_index' or unsupported use of the function.

File "../../../sunpy_env/lib/python3.11/site-packages/sharpesst/util.py", line 86:
def _masked_medfilt_inner(flatinds,data,footprint_inds,footprint_ind_offset,tparg,dat_pad_shape,data_fppad,mask_fppad,data_filt):
    <source elided>
    for ind in flatinds:
        ijkpad = np.unravel_index(ind,data.shape)+footprint_inds-footprint_ind_offset
        ^

During: typing of get attribute at /cluster/home/zhuyin/sunpy_env/lib/python3.11/site-packages/sharpesst/util.py (86)

File "../../../sunpy_env/lib/python3.11/site-packages/sharpesst/util.py", line 86:
def _masked_medfilt_inner(flatinds,data,footprint_inds,footprint_ind_offset,tparg,dat_pad_shape,data_fppad,mask_fppad,data_filt):
    <source elided>
    for ind in flatinds:
        ijkpad = np.unravel_index(ind,data.shape)+footprint_inds-footprint_ind_offset
        ^

  @numba.jit(fastmath=True, parallel=True, forceobj=True)
/cluster/home/zhuyin/sunpy_env/lib/python3.11/site-packages/sharpesst/util.py:83: NumbaWarning: 
Compilation is falling back to object mode WITHOUT looplifting enabled because Function "_masked_medfilt_inner" failed type inference due to: Use of unsupported NumPy function 'numpy.unravel_index' or unsupported use of the function.

File "../../../sunpy_env/lib/python3.11/site-packages/sharpesst/util.py", line 86:
def _masked_medfilt_inner(flatinds,data,footprint_inds,footprint_ind_offset,tparg,dat_pad_shape,data_fppad,mask_fppad,data_filt):
    <source elided>
    for ind in flatinds:
        ijkpad = np.unravel_index(ind,data.shape)+footprint_inds-footprint_ind_offset
        ^

During: typing of get attribute at /cluster/home/zhuyin/sunpy_env/lib/python3.11/site-packages/sharpesst/util.py (86)

File "../../../sunpy_env/lib/python3.11/site-packages/sharpesst/util.py", line 86:
def _masked_medfilt_inner(flatinds,data,footprint_inds,footprint_ind_offset,tparg,dat_pad_shape,data_fppad,mask_fppad,data_filt):
    <source elided>
    for ind in flatinds:
        ijkpad = np.unravel_index(ind,data.shape)+footprint_inds-footprint_ind_offset
        ^

  @numba.jit(fastmath=True, parallel=True, forceobj=True)
/cluster/home/zhuyin/sunpy_env/lib/python3.11/site-packages/sharpesst/util.py:83: NumbaWarning: 
Compilation is falling back to object mode WITHOUT looplifting enabled because Function "_masked_medfilt_inner" failed type inference due to: Use of unsupported NumPy function 'numpy.unravel_index' or unsupported use of the function.

File "../../../sunpy_env/lib/python3.11/site-packages/sharpesst/util.py", line 86:
def _masked_medfilt_inner(flatinds,data,footprint_inds,footprint_ind_offset,tparg,dat_pad_shape,data_fppad,mask_fppad,data_filt):
    <source elided>
    for ind in flatinds:
        ijkpad = np.unravel_index(ind,data.shape)+footprint_inds-footprint_ind_offset
        ^

During: typing of get attribute at /cluster/home/zhuyin/sunpy_env/lib/python3.11/site-packages/sharpesst/util.py (86)

File "../../../sunpy_env/lib/python3.11/site-packages/sharpesst/util.py", line 86:
def _masked_medfilt_inner(flatinds,data,footprint_inds,footprint_ind_offset,tparg,dat_pad_shape,data_fppad,mask_fppad,data_filt):
    <source elided>
    for ind in flatinds:
        ijkpad = np.unravel_index(ind,data.shape)+footprint_inds-footprint_ind_offset
        ^

  @numba.jit(fastmath=True, parallel=True, forceobj=True)
/cluster/home/zhuyin/sunpy_env/lib/python3.11/site-packages/sharpesst/util.py:83: NumbaWarning: 
Compilation is falling back to object mode WITHOUT looplifting enabled because Function "_masked_medfilt_inner" failed type inference due to: Use of unsupported NumPy function 'numpy.unravel_index' or unsupported use of the function.

File "../../../sunpy_env/lib/python3.11/site-packages/sharpesst/util.py", line 86:
def _masked_medfilt_inner(flatinds,data,footprint_inds,footprint_ind_offset,tparg,dat_pad_shape,data_fppad,mask_fppad,data_filt):
    <source elided>
    for ind in flatinds:
        ijkpad = np.unravel_index(ind,data.shape)+footprint_inds-footprint_ind_offset
        ^

During: typing of get attribute at /cluster/home/zhuyin/sunpy_env/lib/python3.11/site-packages/sharpesst/util.py (86)

File "../../../sunpy_env/lib/python3.11/site-packages/sharpesst/util.py", line 86:
def _masked_medfilt_inner(flatinds,data,footprint_inds,footprint_ind_offset,tparg,dat_pad_shape,data_fppad,mask_fppad,data_filt):
    <source elided>
    for ind in flatinds:
        ijkpad = np.unravel_index(ind,data.shape)+footprint_inds-footprint_ind_offset
        ^

  @numba.jit(fastmath=True, parallel=True, forceobj=True)
/cluster/home/zhuyin/sunpy_env/lib/python3.11/site-packages/sharpesst/util.py:83: NumbaWarning: 
Compilation is falling back to object mode WITHOUT looplifting enabled because Function "_masked_medfilt_inner" failed type inference due to: Use of unsupported NumPy function 'numpy.unravel_index' or unsupported use of the function.

File "../../../sunpy_env/lib/python3.11/site-packages/sharpesst/util.py", line 86:
def _masked_medfilt_inner(flatinds,data,footprint_inds,footprint_ind_offset,tparg,dat_pad_shape,data_fppad,mask_fppad,data_filt):
    <source elided>
    for ind in flatinds:
        ijkpad = np.unravel_index(ind,data.shape)+footprint_inds-footprint_ind_offset
        ^

During: typing of get attribute at /cluster/home/zhuyin/sunpy_env/lib/python3.11/site-packages/sharpesst/util.py (86)

File "../../../sunpy_env/lib/python3.11/site-packages/sharpesst/util.py", line 86:
def _masked_medfilt_inner(flatinds,data,footprint_inds,footprint_ind_offset,tparg,dat_pad_shape,data_fppad,mask_fppad,data_filt):
    <source elided>
    for ind in flatinds:
        ijkpad = np.unravel_index(ind,data.shape)+footprint_inds-footprint_ind_offset
        ^

  @numba.jit(fastmath=True, parallel=True, forceobj=True)
Correcting Ne VIII 770 - Peak; ref. wavelength=767.6366184999999
Computing PSF Core:
4.993447823987861 % done after 0.6572611331939697 seconds
9.993792675356922 % done after 1.3143422603607178 seconds
14.99413752672598 % done after 1.9714734554290771 seconds
19.99448237809504 % done after 2.627363443374634 seconds
24.9948272294641 % done after 3.282644748687744 seconds
29.99517208083316 % done after 3.9371824264526367 seconds
34.99551693220222 % done after 4.591716289520264 seconds
39.99586178357128 % done after 5.246440649032593 seconds
44.99620663494034 % done after 5.900173664093018 seconds
49.9965514863094 % done after 6.5555784702301025 seconds
54.99689633767846 % done after 7.2106032371521 seconds
59.99724118904752 % done after 7.866558790206909 seconds
64.99758604041658 % done after 8.67860746383667 seconds
69.99793089178564 % done after 9.337454795837402 seconds
74.99827574315471 % done after 10.00140905380249 seconds
79.99862059452376 % done after 10.671260833740234 seconds
84.99896544589282 % done after 11.338349103927612 seconds
89.99931029726189 % done after 11.996706008911133 seconds
94.99965514863094 % done after 12.658551931381226 seconds
100.0 % done after 13.317636251449585 seconds
Computing PSF Wings:
4.993447823987861 % done after 1.193817138671875 seconds
9.993792675356922 % done after 2.3872299194335938 seconds
14.99413752672598 % done after 3.586777448654175 seconds
19.99448237809504 % done after 4.787144184112549 seconds
24.9948272294641 % done after 5.982775688171387 seconds
29.99517208083316 % done after 7.1749279499053955 seconds
34.99551693220222 % done after 8.369781732559204 seconds
39.99586178357128 % done after 9.561424016952515 seconds
44.99620663494034 % done after 10.754680156707764 seconds
49.9965514863094 % done after 12.22228193283081 seconds
54.99689633767846 % done after 13.400967597961426 seconds
59.99724118904752 % done after 14.587396144866943 seconds
64.99758604041658 % done after 15.757784843444824 seconds
69.99793089178564 % done after 16.925129890441895 seconds
74.99827574315471 % done after 18.087231636047363 seconds
79.99862059452376 % done after 19.24859309196472 seconds
84.99896544589282 % done after 20.40993094444275 seconds
89.99931029726189 % done after 21.572574615478516 seconds
94.99965514863094 % done after 23.017508506774902 seconds
100.0 % done after 24.19178295135498 seconds
Computing Symmetric PSF for output:
4.993447823987861 % done after 0.510697603225708 seconds
9.993792675356922 % done after 1.0187757015228271 seconds
14.99413752672598 % done after 1.5269062519073486 seconds
19.99448237809504 % done after 2.0350873470306396 seconds
24.9948272294641 % done after 2.545482635498047 seconds
29.99517208083316 % done after 3.0553529262542725 seconds
34.99551693220222 % done after 3.566577196121216 seconds
39.99586178357128 % done after 4.077356338500977 seconds
44.99620663494034 % done after 4.5874574184417725 seconds
49.9965514863094 % done after 5.097370386123657 seconds
54.99689633767846 % done after 5.6074278354644775 seconds
59.99724118904752 % done after 6.11742639541626 seconds
64.99758604041658 % done after 6.631287336349487 seconds
69.99793089178564 % done after 7.148828029632568 seconds
74.99827574315471 % done after 7.666499853134155 seconds
79.99862059452376 % done after 8.184855937957764 seconds
84.99896544589282 % done after 8.703402757644653 seconds
89.99931029726189 % done after 9.214307308197021 seconds
94.99965514863094 % done after 9.72498345375061 seconds
100.0 % done after 10.23653507232666 seconds
Correcting the PSF:
625.126070022583 s; Finished slit index 0 of 192 , chi^2= 0.31540241302483585
1067.9460146427155 s; Finished slit index 1 of 192 , chi^2= 0.27465955690859845
1466.505276441574 s; Finished slit index 2 of 192 , chi^2= 0.2742638403443258
2059.878184080124 s; Finished slit index 3 of 192 , chi^2= 0.2500443043823224
2617.7770183086395 s; Finished slit index 4 of 192 , chi^2= 0.25475095417095456
3261.981154680252 s; Finished slit index 5 of 192 , chi^2= 0.2772694528839197
3878.8061995506287 s; Finished slit index 6 of 192 , chi^2= 0.2660418959916751
4537.128448724747 s; Finished slit index 7 of 192 , chi^2= 0.2498945803212847
5151.309412717819 s; Finished slit index 8 of 192 , chi^2= 0.2478995990392679
5741.173340559006 s; Finished slit index 9 of 192 , chi^2= 0.2453550354295367
6257.321237325668 s; Finished slit index 10 of 192 , chi^2= 0.24389845533738969
6708.035217285156 s; Finished slit index 11 of 192 , chi^2= 0.2346015781678597
7281.504978656769 s; Finished slit index 12 of 192 , chi^2= 0.23292657512368836
7759.687430858612 s; Finished slit index 13 of 192 , chi^2= 0.22409416131148457
8260.801541566849 s; Finished slit index 14 of 192 , chi^2= 0.2151963173275377
8810.156841516495 s; Finished slit index 15 of 192 , chi^2= 0.22042742998958315
9244.67217707634 s; Finished slit index 16 of 192 , chi^2= 0.21858824668261492
9575.40869474411 s; Finished slit index 17 of 192 , chi^2= 0.21047438623171671
10098.715229511261 s; Finished slit index 18 of 192 , chi^2= 0.20559420364096045
10640.326403617859 s; Finished slit index 19 of 192 , chi^2= 0.21344677762410305
11263.064208745956 s; Finished slit index 20 of 192 , chi^2= 0.22553521218595887
11774.471756696701 s; Finished slit index 21 of 192 , chi^2= 0.2275741932827996
12309.221549510956 s; Finished slit index 22 of 192 , chi^2= 0.2380676935485669
12761.382986783981 s; Finished slit index 23 of 192 , chi^2= 0.23437646486517325
13263.020735025406 s; Finished slit index 24 of 192 , chi^2= 0.2365503843463936
13712.526416063309 s; Finished slit index 25 of 192 , chi^2= 0.22690526231291017
14202.521209955215 s; Finished slit index 26 of 192 , chi^2= 0.21419801504054986
14762.52140545845 s; Finished slit index 27 of 192 , chi^2= 0.21734162843920918
15285.146772623062 s; Finished slit index 28 of 192 , chi^2= 0.20547809181900953
15732.96667933464 s; Finished slit index 29 of 192 , chi^2= 0.2308276603676647
16259.17670750618 s; Finished slit index 30 of 192 , chi^2= 0.2085647853074135
16672.191655635834 s; Finished slit index 31 of 192 , chi^2= 0.21423767198888108
17123.103846788406 s; Finished slit index 32 of 192 , chi^2= 0.2048115590947776
17582.947571992874 s; Finished slit index 33 of 192 , chi^2= 0.21063719176646187
18232.532678604126 s; Finished slit index 34 of 192 , chi^2= 0.20817453934149507
18749.10092163086 s; Finished slit index 35 of 192 , chi^2= 0.2208300624488978
19160.089075803757 s; Finished slit index 36 of 192 , chi^2= 0.21262612919627824
19494.59219098091 s; Finished slit index 37 of 192 , chi^2= 0.20192747943619746
19979.555888175964 s; Finished slit index 38 of 192 , chi^2= 0.21614105692507496
20439.62664604187 s; Finished slit index 39 of 192 , chi^2= 0.20917884661276678
20730.535515785217 s; Finished slit index 40 of 192 , chi^2= 0.19875672108015732
21183.85552072525 s; Finished slit index 41 of 192 , chi^2= 0.20748599718049984
21722.93793106079 s; Finished slit index 42 of 192 , chi^2= 0.20255478378319566
22138.524371385574 s; Finished slit index 43 of 192 , chi^2= 0.21322673471912992
22598.034336328506 s; Finished slit index 44 of 192 , chi^2= 0.21577067413528614
22884.575941085815 s; Finished slit index 45 of 192 , chi^2= 0.2376763494330117
23241.985662937164 s; Finished slit index 46 of 192 , chi^2= 0.2661585427068763
23595.783582925797 s; Finished slit index 47 of 192 , chi^2= 0.26625834491737277
24335.714022159576 s; Finished slit index 48 of 192 , chi^2= 0.2529122865105246
24781.116017103195 s; Finished slit index 49 of 192 , chi^2= 0.2636347445561005
25391.000020503998 s; Finished slit index 50 of 192 , chi^2= 0.26782505207609664
25862.236803293228 s; Finished slit index 51 of 192 , chi^2= 0.26348964962198157
26220.971123695374 s; Finished slit index 52 of 192 , chi^2= 0.2911014694163807
26776.23432278633 s; Finished slit index 53 of 192 , chi^2= 0.30887857248928113
27326.567603588104 s; Finished slit index 54 of 192 , chi^2= 0.31049647548864734
27867.88982462883 s; Finished slit index 55 of 192 , chi^2= 0.29118338731057897
28470.3721408844 s; Finished slit index 56 of 192 , chi^2= 0.3148377784293559
29263.994809389114 s; Finished slit index 57 of 192 , chi^2= 0.3159298306766996
29801.1201608181 s; Finished slit index 58 of 192 , chi^2= 0.3211865926038509
30309.886705875397 s; Finished slit index 59 of 192 , chi^2= 0.32211149447378906
30907.9744246006 s; Finished slit index 60 of 192 , chi^2= 0.33121197909216765
31444.661199331284 s; Finished slit index 61 of 192 , chi^2= 0.3403456763771825
31883.528252601624 s; Finished slit index 62 of 192 , chi^2= 0.3379692531077247
32452.8867456913 s; Finished slit index 63 of 192 , chi^2= 0.3167033966881805
32893.106617450714 s; Finished slit index 64 of 192 , chi^2= 0.3047622316947584
33512.561514377594 s; Finished slit index 65 of 192 , chi^2= 0.31977385742540176
34005.65419745445 s; Finished slit index 66 of 192 , chi^2= 0.32391085953060633
34571.26037430763 s; Finished slit index 67 of 192 , chi^2= 0.3555705288789077
35085.135555267334 s; Finished slit index 68 of 192 , chi^2= 0.3477396335830337
35645.99286222458 s; Finished slit index 69 of 192 , chi^2= 0.3494381815631294
36098.46440267563 s; Finished slit index 70 of 192 , chi^2= 0.31552180888943676
36574.378591537476 s; Finished slit index 71 of 192 , chi^2= 0.3563377113760519
37064.008969545364 s; Finished slit index 72 of 192 , chi^2= 0.4001633993494443
37567.1383395195 s; Finished slit index 73 of 192 , chi^2= 0.3956994307390682
38245.90857553482 s; Finished slit index 74 of 192 , chi^2= 0.3978397308099161
38694.46694421768 s; Finished slit index 75 of 192 , chi^2= 0.3912594623473045
39219.163184165955 s; Finished slit index 76 of 192 , chi^2= 0.3764319894746459
39647.48212170601 s; Finished slit index 77 of 192 , chi^2= 0.3513834331970208
40313.93220615387 s; Finished slit index 78 of 192 , chi^2= 0.3659243359026895
40792.792654275894 s; Finished slit index 79 of 192 , chi^2= 0.3680484004363634
41435.76415729523 s; Finished slit index 80 of 192 , chi^2= 0.39776733089725524
42085.3875041008 s; Finished slit index 81 of 192 , chi^2= 0.43175928770635996
42685.61298203468 s; Finished slit index 82 of 192 , chi^2= 0.4122013096175984
43290.60292553902 s; Finished slit index 83 of 192 , chi^2= 0.41997138960007985
43882.81562590599 s; Finished slit index 84 of 192 , chi^2= 0.4095886209755612
44497.36359858513 s; Finished slit index 85 of 192 , chi^2= 0.3733540630928233
45023.90373086929 s; Finished slit index 86 of 192 , chi^2= 0.38490194793661126
45565.9542760849 s; Finished slit index 87 of 192 , chi^2= 0.3838931202275737
46108.16183972359 s; Finished slit index 88 of 192 , chi^2= 0.43329857678535577
46741.386191129684 s; Finished slit index 89 of 192 , chi^2= 0.4425555344322612
47359.34154391289 s; Finished slit index 90 of 192 , chi^2= 0.41737079442583225
47933.87395143509 s; Finished slit index 91 of 192 , chi^2= 0.37282548321718223
48541.18936753273 s; Finished slit index 92 of 192 , chi^2= 0.3397316842575407
48967.26928973198 s; Finished slit index 93 of 192 , chi^2= 0.3254874977579233
49542.316586494446 s; Finished slit index 94 of 192 , chi^2= 0.2922948376529005
49969.958231687546 s; Finished slit index 95 of 192 , chi^2= 0.27725201576670855
50461.68953704834 s; Finished slit index 96 of 192 , chi^2= 0.28525629903031774
50905.38123369217 s; Finished slit index 97 of 192 , chi^2= 0.27114051726770555
51470.332114219666 s; Finished slit index 98 of 192 , chi^2= 0.25356898516924087
51886.60195708275 s; Finished slit index 99 of 192 , chi^2= 0.24353278470612907
52299.10299873352 s; Finished slit index 100 of 192 , chi^2= 0.2293759326481447
52693.15381336212 s; Finished slit index 101 of 192 , chi^2= 0.2379481981254644
53205.80295705795 s; Finished slit index 102 of 192 , chi^2= 0.26315385455423157
53729.73347949982 s; Finished slit index 103 of 192 , chi^2= 0.27951802173816614
54316.90414619446 s; Finished slit index 104 of 192 , chi^2= 0.29276088271660117
54818.39482355118 s; Finished slit index 105 of 192 , chi^2= 0.3096809610491846
55317.20093655586 s; Finished slit index 106 of 192 , chi^2= 0.3211572281507589
55815.99211668968 s; Finished slit index 107 of 192 , chi^2= 0.3385248685154509
56327.96413874626 s; Finished slit index 108 of 192 , chi^2= 0.3690104880977751
56718.37304568291 s; Finished slit index 109 of 192 , chi^2= 0.36517267440083717
57181.55539536476 s; Finished slit index 110 of 192 , chi^2= 0.36773409138731267
57691.232204675674 s; Finished slit index 111 of 192 , chi^2= 0.39243715029233023
58253.79984521866 s; Finished slit index 112 of 192 , chi^2= 0.4151428084754058
58803.97732901573 s; Finished slit index 113 of 192 , chi^2= 0.4437719099086541
59440.18880009651 s; Finished slit index 114 of 192 , chi^2= 0.4950329053619323
60104.042454481125 s; Finished slit index 115 of 192 , chi^2= 0.596286672971029
60822.272399902344 s; Finished slit index 116 of 192 , chi^2= 0.6420753196092638
61587.48794698715 s; Finished slit index 117 of 192 , chi^2= 0.6540436077083821
62221.994599342346 s; Finished slit index 118 of 192 , chi^2= 0.655705828021435
62929.67862582207 s; Finished slit index 119 of 192 , chi^2= 0.6473615375975404
63447.112716674805 s; Finished slit index 120 of 192 , chi^2= 0.6266571265436917
64318.868320941925 s; Finished slit index 121 of 192 , chi^2= 0.5955571645976313
65056.44223976135 s; Finished slit index 122 of 192 , chi^2= 0.6108936551830917
65723.7386136055 s; Finished slit index 123 of 192 , chi^2= 0.591804944025622
66141.03789067268 s; Finished slit index 124 of 192 , chi^2= 0.4911522179410246
66728.23113369942 s; Finished slit index 125 of 192 , chi^2= 0.474409447821789
67407.42138719559 s; Finished slit index 126 of 192 , chi^2= 0.5397669032265031
67886.7407655716 s; Finished slit index 127 of 192 , chi^2= 0.5511532157349126
68488.08665060997 s; Finished slit index 128 of 192 , chi^2= 0.526155227044006
69220.38405179977 s; Finished slit index 129 of 192 , chi^2= 0.4943492971091321
69870.47314763069 s; Finished slit index 130 of 192 , chi^2= 0.44065099104211375
70509.45657300949 s; Finished slit index 131 of 192 , chi^2= 0.39252133266528133
71046.5917994976 s; Finished slit index 132 of 192 , chi^2= 0.38287690108957295
71577.24961686134 s; Finished slit index 133 of 192 , chi^2= 0.3730433418623205
72162.19358706474 s; Finished slit index 134 of 192 , chi^2= 0.34762052053386305
72837.94706606865 s; Finished slit index 135 of 192 , chi^2= 0.33245440435120727
73522.56007480621 s; Finished slit index 136 of 192 , chi^2= 0.33436764171307115
74241.3550696373 s; Finished slit index 137 of 192 , chi^2= 0.33587847568001483
74818.99981451035 s; Finished slit index 138 of 192 , chi^2= 0.34146188556699775
75474.39929461479 s; Finished slit index 139 of 192 , chi^2= 0.3493926511873104
76083.41216897964 s; Finished slit index 140 of 192 , chi^2= 0.3867891707974115
76676.70971345901 s; Finished slit index 141 of 192 , chi^2= 0.3609010842840869
77324.54100632668 s; Finished slit index 142 of 192 , chi^2= 0.3516903782685501
77918.7452905178 s; Finished slit index 143 of 192 , chi^2= 0.36025153139925414
78404.4215168953 s; Finished slit index 144 of 192 , chi^2= 0.37833643470096257
79025.24880552292 s; Finished slit index 145 of 192 , chi^2= 0.3670712004664237
79599.65692615509 s; Finished slit index 146 of 192 , chi^2= 0.3790164821782525
80087.32806611061 s; Finished slit index 147 of 192 , chi^2= 0.373783329027836
80633.52557229996 s; Finished slit index 148 of 192 , chi^2= 0.374025128278598
81113.6196949482 s; Finished slit index 149 of 192 , chi^2= 0.37010700566094334
81731.13334321976 s; Finished slit index 150 of 192 , chi^2= 0.36626062531168657
82428.04903101921 s; Finished slit index 151 of 192 , chi^2= 0.46473106565195643
82975.66125774384 s; Finished slit index 152 of 192 , chi^2= 0.416454906233024
83594.7197175026 s; Finished slit index 153 of 192 , chi^2= 0.35010716686180504
84243.25335741043 s; Finished slit index 154 of 192 , chi^2= 0.3191032184595083
84689.08526825905 s; Finished slit index 155 of 192 , chi^2= 0.3383837532377954
85256.07551550865 s; Finished slit index 156 of 192 , chi^2= 0.3291387173359852
85819.11061739922 s; Finished slit index 157 of 192 , chi^2= 0.3104914182155713
86429.85464024544 s; Finished slit index 158 of 192 , chi^2= 0.33599785363830914
86990.47048330307 s; Finished slit index 159 of 192 , chi^2= 0.318521005342776
87391.99001526833 s; Finished slit index 160 of 192 , chi^2= 0.30507808684939114
87607.28118443489 s; Finished slit index 161 of 192 , chi^2= 0.2974516635802908
87728.13319420815 s; Finished slit index 162 of 192 , chi^2= 0.2803087593662692
87896.82956600189 s; Finished slit index 163 of 192 , chi^2= 0.2831015327770909
87996.35885453224 s; Finished slit index 164 of 192 , chi^2= 0.27902887722579955
88102.46254086494 s; Finished slit index 165 of 192 , chi^2= 0.28384474735110155
88223.72213172913 s; Finished slit index 166 of 192 , chi^2= 0.2755360051478801
88350.93291854858 s; Finished slit index 167 of 192 , chi^2= 0.272339909974789
88434.4166226387 s; Finished slit index 168 of 192 , chi^2= 0.26867517553058606
88820.1066262722 s; Finished slit index 169 of 192 , chi^2= 0.2507031468321216
89417.70837807655 s; Finished slit index 170 of 192 , chi^2= 0.24184164792581742
90311.60845184326 s; Finished slit index 171 of 192 , chi^2= 0.22442709169196806
90852.8439655304 s; Finished slit index 172 of 192 , chi^2= 0.21853359151155163
91612.98919391632 s; Finished slit index 173 of 192 , chi^2= 0.2127458521192542
92431.16980576515 s; Finished slit index 174 of 192 , chi^2= 0.22508424618950656
93175.79616570473 s; Finished slit index 175 of 192 , chi^2= 0.21449838406722366
93837.4958460331 s; Finished slit index 176 of 192 , chi^2= 0.2082090227675455
94364.3796286583 s; Finished slit index 177 of 192 , chi^2= 0.19770170455607625
94813.32519769669 s; Finished slit index 178 of 192 , chi^2= 0.19711377252368287
95476.67782592773 s; Finished slit index 179 of 192 , chi^2= 0.18387887360539537
96027.97596931458 s; Finished slit index 180 of 192 , chi^2= 0.17978165907412405
96343.977922678 s; Finished slit index 181 of 192 , chi^2= 0.1726478158338493
96749.7234594822 s; Finished slit index 182 of 192 , chi^2= 0.16860124550917283
97210.32909941673 s; Finished slit index 183 of 192 , chi^2= 0.17524016907152856
97507.02479934692 s; Finished slit index 184 of 192 , chi^2= 0.17995992023240642
98188.60214710236 s; Finished slit index 185 of 192 , chi^2= 0.17653431891626864
98600.32807660103 s; Finished slit index 186 of 192 , chi^2= 0.17877957875577646
99043.23066210747 s; Finished slit index 187 of 192 , chi^2= 0.18620312775015305
99507.8679792881 s; Finished slit index 188 of 192 , chi^2= 0.18823759654755523
100290.41396379471 s; Finished slit index 189 of 192 , chi^2= 0.19418699067646933
100664.30957126617 s; Finished slit index 190 of 192 , chi^2= 0.2116170917900924
101060.56452488899 s; Finished slit index 191 of 192 , chi^2= 0.23444049480044246
0 of 192 0.0
10 of 192 0.0
20 of 192 0.0
30 of 192 0.0
40 of 192 0.0
50 of 192 0.0
60 of 192 0.0
70 of 192 0.0
80 of 192 0.0
90 of 192 0.0
100 of 192 0.0
110 of 192 0.0
120 of 192 0.0
130 of 192 0.0
140 of 192 0.0
150 of 192 0.0
160 of 192 0.0
170 of 192 0.0
180 of 192 0.0
190 of 192 0.0
191 of 192 0.0
Correcting Ne VIII 770 - Peak; ref. wavelength=767.6366184999999
Computing PSF Core:
4.993447823987861 % done after 0.8051955699920654 seconds
9.993792675356922 % done after 1.6110467910766602 seconds
14.99413752672598 % done after 2.422313928604126 seconds
19.99448237809504 % done after 3.2469334602355957 seconds
24.9948272294641 % done after 4.064106225967407 seconds
29.99517208083316 % done after 4.879973649978638 seconds
34.99551693220222 % done after 5.696634292602539 seconds
39.99586178357128 % done after 6.514760255813599 seconds
44.99620663494034 % done after 7.515341520309448 seconds
49.9965514863094 % done after 8.3179612159729 seconds
54.99689633767846 % done after 9.121458530426025 seconds
59.99724118904752 % done after 9.925217151641846 seconds
64.99758604041658 % done after 10.729978322982788 seconds
69.99793089178564 % done after 11.534273147583008 seconds
74.99827574315471 % done after 12.338864088058472 seconds
79.99862059452376 % done after 13.143227577209473 seconds
84.99896544589282 % done after 14.118122816085815 seconds
89.99931029726189 % done after 14.922307252883911 seconds
94.99965514863094 % done after 15.726522445678711 seconds
100.0 % done after 16.53230118751526 seconds
Computing PSF Wings:
4.993447823987861 % done after 0.8476531505584717 seconds
9.993792675356922 % done after 1.6926360130310059 seconds
14.99413752672598 % done after 2.537229537963867 seconds
19.99448237809504 % done after 3.3794286251068115 seconds
24.9948272294641 % done after 4.220413684844971 seconds
29.99517208083316 % done after 5.06125020980835 seconds
34.99551693220222 % done after 5.9014716148376465 seconds
39.99586178357128 % done after 6.7419657707214355 seconds
44.99620663494034 % done after 7.583189964294434 seconds
49.9965514863094 % done after 8.42472505569458 seconds
54.99689633767846 % done after 9.265674114227295 seconds
59.99724118904752 % done after 10.110779047012329 seconds
64.99758604041658 % done after 10.95532751083374 seconds
69.99793089178564 % done after 11.801834344863892 seconds
74.99827574315471 % done after 12.648357629776001 seconds
79.99862059452376 % done after 13.742501974105835 seconds
84.99896544589282 % done after 14.583019495010376 seconds
89.99931029726189 % done after 15.423903942108154 seconds
94.99965514863094 % done after 16.265767335891724 seconds
100.0 % done after 17.106629610061646 seconds
Computing Symmetric PSF for output:
4.993447823987861 % done after 0.5175516605377197 seconds
9.993792675356922 % done after 1.0336828231811523 seconds
14.99413752672598 % done after 1.5499727725982666 seconds
19.99448237809504 % done after 2.065807580947876 seconds
24.9948272294641 % done after 2.5813400745391846 seconds
29.99517208083316 % done after 3.0972044467926025 seconds
34.99551693220222 % done after 3.6116139888763428 seconds
39.99586178357128 % done after 4.126137733459473 seconds
44.99620663494034 % done after 4.6408607959747314 seconds
49.9965514863094 % done after 5.156778573989868 seconds
54.99689633767846 % done after 5.672239065170288 seconds
59.99724118904752 % done after 6.187782049179077 seconds
64.99758604041658 % done after 6.7028281688690186 seconds
69.99793089178564 % done after 7.218580484390259 seconds
74.99827574315471 % done after 7.734748125076294 seconds
79.99862059452376 % done after 8.25037956237793 seconds
84.99896544589282 % done after 8.765474319458008 seconds
89.99931029726189 % done after 9.279521703720093 seconds
94.99965514863094 % done after 9.793386697769165 seconds
100.0 % done after 10.309576272964478 seconds
Correcting the PSF:
599.5103068351746 s; Finished slit index 0 of 192 , chi^2= 0.361111652832407
1186.1847915649414 s; Finished slit index 1 of 192 , chi^2= 0.3110449494673582
1914.1064779758453 s; Finished slit index 2 of 192 , chi^2= 0.31910433764077173
2639.502073764801 s; Finished slit index 3 of 192 , chi^2= 0.29466245048239315
3261.8953297138214 s; Finished slit index 4 of 192 , chi^2= 0.2949868365600426
3849.204086780548 s; Finished slit index 5 of 192 , chi^2= 0.3130640398367687
4507.554224252701 s; Finished slit index 6 of 192 , chi^2= 0.2936645364578978
5236.7330412864685 s; Finished slit index 7 of 192 , chi^2= 0.2916205028761022
5965.608147859573 s; Finished slit index 8 of 192 , chi^2= 0.29167168804516824
6625.395921707153 s; Finished slit index 9 of 192 , chi^2= 0.2962314102698727
7263.98580121994 s; Finished slit index 10 of 192 , chi^2= 0.28140311871180085
7872.6334319114685 s; Finished slit index 11 of 192 , chi^2= 0.2659096553272063
8600.968819856644 s; Finished slit index 12 of 192 , chi^2= 0.2645488334751146
9257.024069309235 s; Finished slit index 13 of 192 , chi^2= 0.24810330370410924
9920.268590450287 s; Finished slit index 14 of 192 , chi^2= 0.2477099674443146
10576.97381401062 s; Finished slit index 15 of 192 , chi^2= 0.245421717563471
11194.00053024292 s; Finished slit index 16 of 192 , chi^2= 0.24061173652859816
11720.343448877335 s; Finished slit index 17 of 192 , chi^2= 0.23851653693248245
12280.106964349747 s; Finished slit index 18 of 192 , chi^2= 0.2348527878998252
12910.372212171555 s; Finished slit index 19 of 192 , chi^2= 0.2477478203513157
13534.45651936531 s; Finished slit index 20 of 192 , chi^2= 0.26659740889377576
14234.748096942902 s; Finished slit index 21 of 192 , chi^2= 0.25452109056678096
14861.45763373375 s; Finished slit index 22 of 192 , chi^2= 0.2654288526946343
15584.829111337662 s; Finished slit index 23 of 192 , chi^2= 0.2711199338935358
16249.608439922333 s; Finished slit index 24 of 192 , chi^2= 0.2671414170910375
16898.401164770126 s; Finished slit index 25 of 192 , chi^2= 0.2596032284286271
17469.948545455933 s; Finished slit index 26 of 192 , chi^2= 0.2514476187639709
18082.314909934998 s; Finished slit index 27 of 192 , chi^2= 0.24523261646645345
18616.20045208931 s; Finished slit index 28 of 192 , chi^2= 0.22961990943585633
19019.93304181099 s; Finished slit index 29 of 192 , chi^2= 0.26432309325050835
19428.106060743332 s; Finished slit index 30 of 192 , chi^2= 0.2402289438104712
19887.268887043 s; Finished slit index 31 of 192 , chi^2= 0.25618134413783605
20342.27532672882 s; Finished slit index 32 of 192 , chi^2= 0.24578522395017324
20834.669242858887 s; Finished slit index 33 of 192 , chi^2= 0.25111660378294737
21325.564527750015 s; Finished slit index 34 of 192 , chi^2= 0.24566361374860302
21844.845563173294 s; Finished slit index 35 of 192 , chi^2= 0.2682594404139727
22372.862884283066 s; Finished slit index 36 of 192 , chi^2= 0.25468285069118396
22923.664447307587 s; Finished slit index 37 of 192 , chi^2= 0.2549499846068092
23373.92534828186 s; Finished slit index 38 of 192 , chi^2= 0.2523652070871388
23817.612366437912 s; Finished slit index 39 of 192 , chi^2= 0.2447728859030033
24127.132972717285 s; Finished slit index 40 of 192 , chi^2= 0.24995916346267938
24523.668574094772 s; Finished slit index 41 of 192 , chi^2= 0.25541698551996384
24873.183950424194 s; Finished slit index 42 of 192 , chi^2= 0.24278994657046996
25334.405159950256 s; Finished slit index 43 of 192 , chi^2= 0.250522939102364
25746.739585399628 s; Finished slit index 44 of 192 , chi^2= 0.24920174800285746
26214.036247968674 s; Finished slit index 45 of 192 , chi^2= 0.27868707917610175
26963.97681903839 s; Finished slit index 46 of 192 , chi^2= 0.30253237093174973
27431.976362228394 s; Finished slit index 47 of 192 , chi^2= 0.2980549068495127
27952.965552330017 s; Finished slit index 48 of 192 , chi^2= 0.29400648093084875
28569.45135831833 s; Finished slit index 49 of 192 , chi^2= 0.2956431854984555
29099.479411125183 s; Finished slit index 50 of 192 , chi^2= 0.29864856287155567
29610.10026717186 s; Finished slit index 51 of 192 , chi^2= 0.28660976601674504
30184.208695173264 s; Finished slit index 52 of 192 , chi^2= 0.3206354505600567
30802.650637865067 s; Finished slit index 53 of 192 , chi^2= 0.337345882769564
31419.667815208435 s; Finished slit index 54 of 192 , chi^2= 0.3352512687712415
32005.276601314545 s; Finished slit index 55 of 192 , chi^2= 0.3120413880018514
32665.98036980629 s; Finished slit index 56 of 192 , chi^2= 0.3485326948090201
33178.826204538345 s; Finished slit index 57 of 192 , chi^2= 0.34631808949064125
33773.06345510483 s; Finished slit index 58 of 192 , chi^2= 0.3515104059629533
34364.58851194382 s; Finished slit index 59 of 192 , chi^2= 0.3452726556856447
34969.421125650406 s; Finished slit index 60 of 192 , chi^2= 0.3550617307485078
35493.07284975052 s; Finished slit index 61 of 192 , chi^2= 0.3622538565114958
36013.35235643387 s; Finished slit index 62 of 192 , chi^2= 0.36083804705704964
36499.93654370308 s; Finished slit index 63 of 192 , chi^2= 0.34741520447206165
37037.08014297485 s; Finished slit index 64 of 192 , chi^2= 0.33179203863669793
37594.064977407455 s; Finished slit index 65 of 192 , chi^2= 0.3473413553701518
38047.5275990963 s; Finished slit index 66 of 192 , chi^2= 0.349405494333695
38616.08562231064 s; Finished slit index 67 of 192 , chi^2= 0.3799842829780924
39265.85767006874 s; Finished slit index 68 of 192 , chi^2= 0.3740574783498308
39745.90180206299 s; Finished slit index 69 of 192 , chi^2= 0.3885407872640908
40303.82520055771 s; Finished slit index 70 of 192 , chi^2= 0.3412138370477033
40853.23187708855 s; Finished slit index 71 of 192 , chi^2= 0.3805484320818658
41431.188623428345 s; Finished slit index 72 of 192 , chi^2= 0.4328489225764656
42101.58726620674 s; Finished slit index 73 of 192 , chi^2= 0.4268057847163022
42674.58488726616 s; Finished slit index 74 of 192 , chi^2= 0.4275908223173301
43320.489936351776 s; Finished slit index 75 of 192 , chi^2= 0.4174838611480927
43838.893508434296 s; Finished slit index 76 of 192 , chi^2= 0.4083017216903634
44466.053342819214 s; Finished slit index 77 of 192 , chi^2= 0.3755370341957854
45051.58438539505 s; Finished slit index 78 of 192 , chi^2= 0.3876591655669247
45691.285512924194 s; Finished slit index 79 of 192 , chi^2= 0.3922326371921399
46503.17612886429 s; Finished slit index 80 of 192 , chi^2= 0.4200816663337866
47192.70467686653 s; Finished slit index 81 of 192 , chi^2= 0.45908196147546276
47775.14034152031 s; Finished slit index 82 of 192 , chi^2= 0.44479539924899936
48417.56495428085 s; Finished slit index 83 of 192 , chi^2= 0.4549457786600624
49103.709097623825 s; Finished slit index 84 of 192 , chi^2= 0.4445201571654436
49709.84100317955 s; Finished slit index 85 of 192 , chi^2= 0.4049750616214061
50339.08088302612 s; Finished slit index 86 of 192 , chi^2= 0.41733896884389493
50853.84108877182 s; Finished slit index 87 of 192 , chi^2= 0.4180069123169646
51608.09583592415 s; Finished slit index 88 of 192 , chi^2= 0.464262871583701
52377.54767751694 s; Finished slit index 89 of 192 , chi^2= 0.477946845434918
53090.744492292404 s; Finished slit index 90 of 192 , chi^2= 0.45181532462943236
53711.14039516449 s; Finished slit index 91 of 192 , chi^2= 0.41008760873363215
54308.68426275253 s; Finished slit index 92 of 192 , chi^2= 0.37660406736091373
54872.616342544556 s; Finished slit index 93 of 192 , chi^2= 0.3649650569895696
55356.307982206345 s; Finished slit index 94 of 192 , chi^2= 0.33287778196543477
55893.368910074234 s; Finished slit index 95 of 192 , chi^2= 0.3108839725311063
56438.74006509781 s; Finished slit index 96 of 192 , chi^2= 0.3155041138333241
56968.20944404602 s; Finished slit index 97 of 192 , chi^2= 0.3007284261624473
57414.288748025894 s; Finished slit index 98 of 192 , chi^2= 0.2896431713388422
57913.80910539627 s; Finished slit index 99 of 192 , chi^2= 0.27641128868672804
58285.56859111786 s; Finished slit index 100 of 192 , chi^2= 0.2603298082944319
58732.04882121086 s; Finished slit index 101 of 192 , chi^2= 0.2645367527226584
59319.88033294678 s; Finished slit index 102 of 192 , chi^2= 0.28838631814366406
59818.66210460663 s; Finished slit index 103 of 192 , chi^2= 0.3011603647669994
60326.71956324577 s; Finished slit index 104 of 192 , chi^2= 0.32189032836877135
60992.664328575134 s; Finished slit index 105 of 192 , chi^2= 0.3334919024931499
61488.531502485275 s; Finished slit index 106 of 192 , chi^2= 0.3450868688431515
62027.33225464821 s; Finished slit index 107 of 192 , chi^2= 0.35766878586283063
62538.792949438095 s; Finished slit index 108 of 192 , chi^2= 0.3914661334833772
62997.852227687836 s; Finished slit index 109 of 192 , chi^2= 0.3907224132437925
63614.356992959976 s; Finished slit index 110 of 192 , chi^2= 0.38588782430268176
64125.94413733482 s; Finished slit index 111 of 192 , chi^2= 0.41389859649963723
64643.68070936203 s; Finished slit index 112 of 192 , chi^2= 0.43595357359162173
65522.11819148064 s; Finished slit index 113 of 192 , chi^2= 0.467564938646221
66267.09447741508 s; Finished slit index 114 of 192 , chi^2= 0.5186505525157226
67060.52891921997 s; Finished slit index 115 of 192 , chi^2= 0.6271661703170595
67803.04159617424 s; Finished slit index 116 of 192 , chi^2= 0.6798231436297137
68648.21218276024 s; Finished slit index 117 of 192 , chi^2= 0.7055239627371588
69568.29283547401 s; Finished slit index 118 of 192 , chi^2= 0.7098573482222887
70290.83668923378 s; Finished slit index 119 of 192 , chi^2= 0.7002886038422926
71213.27690172195 s; Finished slit index 120 of 192 , chi^2= 0.6686179126860917
72131.27739834785 s; Finished slit index 121 of 192 , chi^2= 0.6354651209555041
73232.05534386635 s; Finished slit index 122 of 192 , chi^2= 0.6590627262971024
74095.47741341591 s; Finished slit index 123 of 192 , chi^2= 0.6315829752564278
74975.9292807579 s; Finished slit index 124 of 192 , chi^2= 0.5266366667839578
75703.01688241959 s; Finished slit index 125 of 192 , chi^2= 0.50852449350506
76532.9086856842 s; Finished slit index 126 of 192 , chi^2= 0.5935095322241888
77295.50455355644 s; Finished slit index 127 of 192 , chi^2= 0.5944201641045828
78144.08817005157 s; Finished slit index 128 of 192 , chi^2= 0.5682206243757778
78961.4623310566 s; Finished slit index 129 of 192 , chi^2= 0.5310301930851513
79790.15303683281 s; Finished slit index 130 of 192 , chi^2= 0.47472494177316255
80433.55747938156 s; Finished slit index 131 of 192 , chi^2= 0.4265140790339057
81200.78952884674 s; Finished slit index 132 of 192 , chi^2= 0.4187816293911019
81792.22771644592 s; Finished slit index 133 of 192 , chi^2= 0.4016467061230112
82318.3642320633 s; Finished slit index 134 of 192 , chi^2= 0.38252080751169204
82953.84530162811 s; Finished slit index 135 of 192 , chi^2= 0.36489401571527497
83545.63578295708 s; Finished slit index 136 of 192 , chi^2= 0.3602444456678597
84135.76592993736 s; Finished slit index 137 of 192 , chi^2= 0.3644503402068334
84759.04860305786 s; Finished slit index 138 of 192 , chi^2= 0.3736813032286604
85479.01663589478 s; Finished slit index 139 of 192 , chi^2= 0.3727833272979918
86127.5767788887 s; Finished slit index 140 of 192 , chi^2= 0.41797614556294294
86895.11247515678 s; Finished slit index 141 of 192 , chi^2= 0.386968902462859
87410.64811468124 s; Finished slit index 142 of 192 , chi^2= 0.3806345103409051
88153.05526256561 s; Finished slit index 143 of 192 , chi^2= 0.3968734837967175
88654.37215781212 s; Finished slit index 144 of 192 , chi^2= 0.4082936171801364
89025.96344852448 s; Finished slit index 145 of 192 , chi^2= 0.38938908636138014
89875.20397043228 s; Finished slit index 146 of 192 , chi^2= 0.4096885383167285
90763.24483728409 s; Finished slit index 147 of 192 , chi^2= 0.40304213366040675
90932.9024477005 s; Finished slit index 148 of 192 , chi^2= 0.410282066612907
91091.81761288643 s; Finished slit index 149 of 192 , chi^2= 0.403330137069088
91281.35291266441 s; Finished slit index 150 of 192 , chi^2= 0.4040461028412604
91459.25999736786 s; Finished slit index 151 of 192 , chi^2= 0.5288673210767734
91602.86518454552 s; Finished slit index 152 of 192 , chi^2= 0.4599199327400333
91714.65605187416 s; Finished slit index 153 of 192 , chi^2= 0.3946290833832451
91838.7879152298 s; Finished slit index 154 of 192 , chi^2= 0.35168330047296104
91970.86783671379 s; Finished slit index 155 of 192 , chi^2= 0.3762012361456792
92117.3521270752 s; Finished slit index 156 of 192 , chi^2= 0.36790411947036755
92273.91890501976 s; Finished slit index 157 of 192 , chi^2= 0.3477886273375505
92389.55475211143 s; Finished slit index 158 of 192 , chi^2= 0.39654500578498725
92538.21089220047 s; Finished slit index 159 of 192 , chi^2= 0.3622887146781426
92647.85220384598 s; Finished slit index 160 of 192 , chi^2= 0.3447768453018572
92810.26722168922 s; Finished slit index 161 of 192 , chi^2= 0.34904375177463365
92932.3777153492 s; Finished slit index 162 of 192 , chi^2= 0.31987523601244805
93038.15854430199 s; Finished slit index 163 of 192 , chi^2= 0.3171195257765535
93180.1079967022 s; Finished slit index 164 of 192 , chi^2= 0.3158324909533069
93324.77393507957 s; Finished slit index 165 of 192 , chi^2= 0.3197260846405056
93432.5697991848 s; Finished slit index 166 of 192 , chi^2= 0.3130906487652337
93569.07007026672 s; Finished slit index 167 of 192 , chi^2= 0.310844635453657
93684.35581350327 s; Finished slit index 168 of 192 , chi^2= 0.30578868521654295
93794.2583193779 s; Finished slit index 169 of 192 , chi^2= 0.28715991419950043
93960.65437197685 s; Finished slit index 170 of 192 , chi^2= 0.27497631788773674
94056.44961810112 s; Finished slit index 171 of 192 , chi^2= 0.256881023248459
94193.73923039436 s; Finished slit index 172 of 192 , chi^2= 0.2512602835365106
94309.15963768959 s; Finished slit index 173 of 192 , chi^2= 0.24488172033235903
94502.78138494492 s; Finished slit index 174 of 192 , chi^2= 0.25969862406686556
94618.12813735008 s; Finished slit index 175 of 192 , chi^2= 0.2408014214156775
94760.49819850922 s; Finished slit index 176 of 192 , chi^2= 0.2383541602279706
94857.51071190834 s; Finished slit index 177 of 192 , chi^2= 0.2253042485356842
94991.43442106247 s; Finished slit index 178 of 192 , chi^2= 0.23361746304702327
95099.98240756989 s; Finished slit index 179 of 192 , chi^2= 0.210281345196997
95214.74285912514 s; Finished slit index 180 of 192 , chi^2= 0.21519559496798205
95333.06666851044 s; Finished slit index 181 of 192 , chi^2= 0.20027523478114165
95442.59248065948 s; Finished slit index 182 of 192 , chi^2= 0.19764892436984116
95544.29224681854 s; Finished slit index 183 of 192 , chi^2= 0.19790265343302985
95793.36844325066 s; Finished slit index 184 of 192 , chi^2= 0.21391970670224586
96179.37633538246 s; Finished slit index 185 of 192 , chi^2= 0.20680618518941188
96627.51627874374 s; Finished slit index 186 of 192 , chi^2= 0.21327740721313398
97121.17604589462 s; Finished slit index 187 of 192 , chi^2= 0.22468903922831582
97834.76066946983 s; Finished slit index 188 of 192 , chi^2= 0.22521934837994873
98275.82826256752 s; Finished slit index 189 of 192 , chi^2= 0.23950838134649105
98779.6400744915 s; Finished slit index 190 of 192 , chi^2= 0.25188010038324765
99178.7725007534 s; Finished slit index 191 of 192 , chi^2= 0.28729671526356576
0 of 192 0.0
10 of 192 0.0
20 of 192 0.0
30 of 192 0.0
40 of 192 0.0
50 of 192 0.0
60 of 192 0.0
70 of 192 0.0
80 of 192 0.0
90 of 192 0.0
100 of 192 0.0
110 of 192 0.0
120 of 192 0.0
130 of 192 0.0
140 of 192 0.0
150 of 192 0.0
160 of 192 0.0
170 of 192 0.0
180 of 192 0.0
190 of 192 0.0
191 of 192 0.0
Correcting Ne VIII 770 - Peak; ref. wavelength=767.6366184999999
Computing PSF Core:
4.993447823987861 % done after 0.6711592674255371 seconds
9.993792675356922 % done after 1.348600149154663 seconds
14.99413752672598 % done after 2.015716791152954 seconds
19.99448237809504 % done after 2.682137966156006 seconds
24.9948272294641 % done after 3.3495194911956787 seconds
29.99517208083316 % done after 4.0169103145599365 seconds
34.99551693220222 % done after 4.685711145401001 seconds
39.99586178357128 % done after 5.3549644947052 seconds
44.99620663494034 % done after 6.023257255554199 seconds
49.9965514863094 % done after 6.691693067550659 seconds
54.99689633767846 % done after 7.36260724067688 seconds
59.99724118904752 % done after 8.040466785430908 seconds
64.99758604041658 % done after 8.860031604766846 seconds
69.99793089178564 % done after 9.521782875061035 seconds
74.99827574315471 % done after 10.184475898742676 seconds
79.99862059452376 % done after 10.849957704544067 seconds
84.99896544589282 % done after 11.524288415908813 seconds
89.99931029726189 % done after 12.194117784500122 seconds
94.99965514863094 % done after 12.87560486793518 seconds
100.0 % done after 13.548630475997925 seconds
Computing PSF Wings:
4.993447823987861 % done after 1.681149959564209 seconds
9.993792675356922 % done after 3.3456504344940186 seconds
14.99413752672598 % done after 5.0143959522247314 seconds
19.99448237809504 % done after 6.727742433547974 seconds
24.9948272294641 % done after 8.462689876556396 seconds
29.99517208083316 % done after 10.182863712310791 seconds
34.99551693220222 % done after 12.19552230834961 seconds
39.99586178357128 % done after 13.903748273849487 seconds
44.99620663494034 % done after 15.590633869171143 seconds
49.9965514863094 % done after 17.248173713684082 seconds
54.99689633767846 % done after 18.903499364852905 seconds
59.99724118904752 % done after 20.555869102478027 seconds
64.99758604041658 % done after 22.211002588272095 seconds
69.99793089178564 % done after 24.156771898269653 seconds
74.99827574315471 % done after 25.82283306121826 seconds
79.99862059452376 % done after 27.490644693374634 seconds
84.99896544589282 % done after 29.150055646896362 seconds
89.99931029726189 % done after 30.800031900405884 seconds
94.99965514863094 % done after 32.46238350868225 seconds
100.0 % done after 34.41178488731384 seconds
Computing Symmetric PSF for output:
4.993447823987861 % done after 0.510589599609375 seconds
9.993792675356922 % done after 1.0201499462127686 seconds
14.99413752672598 % done after 1.529693603515625 seconds
19.99448237809504 % done after 2.039701461791992 seconds
24.9948272294641 % done after 2.5497615337371826 seconds
29.99517208083316 % done after 3.0599238872528076 seconds
34.99551693220222 % done after 3.5706536769866943 seconds
39.99586178357128 % done after 4.082501411437988 seconds
44.99620663494034 % done after 4.593350887298584 seconds
49.9965514863094 % done after 5.10347318649292 seconds
54.99689633767846 % done after 5.613305330276489 seconds
59.99724118904752 % done after 6.123602867126465 seconds
64.99758604041658 % done after 6.633494138717651 seconds
69.99793089178564 % done after 7.143997669219971 seconds
74.99827574315471 % done after 7.654695510864258 seconds
79.99862059452376 % done after 8.164901494979858 seconds
84.99896544589282 % done after 8.675698041915894 seconds
89.99931029726189 % done after 9.186971426010132 seconds
94.99965514863094 % done after 9.698190450668335 seconds
100.0 % done after 10.210862874984741 seconds
Correcting the PSF:
551.0707972049713 s; Finished slit index 0 of 192 , chi^2= 0.31733026356470734
1076.7347798347473 s; Finished slit index 1 of 192 , chi^2= 0.27733441815997784
1560.590283870697 s; Finished slit index 2 of 192 , chi^2= 0.2764940354836111
2057.3235421180725 s; Finished slit index 3 of 192 , chi^2= 0.25221767799028294
2632.9262013435364 s; Finished slit index 4 of 192 , chi^2= 0.25689845810220996
3228.6790730953217 s; Finished slit index 5 of 192 , chi^2= 0.27977665519049894
3792.381355524063 s; Finished slit index 6 of 192 , chi^2= 0.26817764695901575
4364.999089956284 s; Finished slit index 7 of 192 , chi^2= 0.251723215312593
4848.650352478027 s; Finished slit index 8 of 192 , chi^2= 0.24967927417449326
5353.034125328064 s; Finished slit index 9 of 192 , chi^2= 0.2473290010213673
5899.163402795792 s; Finished slit index 10 of 192 , chi^2= 0.24574822983952485
6413.628554821014 s; Finished slit index 11 of 192 , chi^2= 0.23667704193542013
6948.027661561966 s; Finished slit index 12 of 192 , chi^2= 0.2349635985382477
7505.972116231918 s; Finished slit index 13 of 192 , chi^2= 0.22594954674861917
8084.145256280899 s; Finished slit index 14 of 192 , chi^2= 0.21701455532364022
8516.181242704391 s; Finished slit index 15 of 192 , chi^2= 0.2225223621964024
9062.50139451027 s; Finished slit index 16 of 192 , chi^2= 0.22044317468823904
9582.302124738693 s; Finished slit index 17 of 192 , chi^2= 0.21217246369806897
10020.271394491196 s; Finished slit index 18 of 192 , chi^2= 0.20725281852686087
10408.847581148148 s; Finished slit index 19 of 192 , chi^2= 0.21532667058855737
10943.214867591858 s; Finished slit index 20 of 192 , chi^2= 0.22759195911595478
11535.842893600464 s; Finished slit index 21 of 192 , chi^2= 0.22879753502568728
12104.378296613693 s; Finished slit index 22 of 192 , chi^2= 0.2399280464219861
12664.47995686531 s; Finished slit index 23 of 192 , chi^2= 0.23626532977029177
13199.405206918716 s; Finished slit index 24 of 192 , chi^2= 0.23874240815472855
13675.47401881218 s; Finished slit index 25 of 192 , chi^2= 0.22897614245222514
14057.69637465477 s; Finished slit index 26 of 192 , chi^2= 0.21606165716391365
14521.167390584946 s; Finished slit index 27 of 192 , chi^2= 0.21905607847479514
15023.063501358032 s; Finished slit index 28 of 192 , chi^2= 0.2072519544525944
15443.915709495544 s; Finished slit index 29 of 192 , chi^2= 0.23285998059132462
15931.269691944122 s; Finished slit index 30 of 192 , chi^2= 0.21034167745570953
16403.159585237503 s; Finished slit index 31 of 192 , chi^2= 0.21592364822025206
16851.558037042618 s; Finished slit index 32 of 192 , chi^2= 0.20647165964418668
17407.782774925232 s; Finished slit index 33 of 192 , chi^2= 0.21223847050479985
17728.6892619133 s; Finished slit index 34 of 192 , chi^2= 0.2099623196687379
18126.421826839447 s; Finished slit index 35 of 192 , chi^2= 0.22221378719389573
18581.986480474472 s; Finished slit index 36 of 192 , chi^2= 0.21450123973946958
18965.402182102203 s; Finished slit index 37 of 192 , chi^2= 0.2032613859520109
19366.501115083694 s; Finished slit index 38 of 192 , chi^2= 0.2179219323174179
19784.4714949131 s; Finished slit index 39 of 192 , chi^2= 0.2108156513711958
20137.873443365097 s; Finished slit index 40 of 192 , chi^2= 0.20028424726233643
20636.44688463211 s; Finished slit index 41 of 192 , chi^2= 0.2090519385978502
21059.64503955841 s; Finished slit index 42 of 192 , chi^2= 0.20415355457792536
21562.143004894257 s; Finished slit index 43 of 192 , chi^2= 0.21502577889922952
21913.480046749115 s; Finished slit index 44 of 192 , chi^2= 0.21786441857105746
22251.668436527252 s; Finished slit index 45 of 192 , chi^2= 0.239801062523614
22769.229625463486 s; Finished slit index 46 of 192 , chi^2= 0.2689233044306437
23190.41898751259 s; Finished slit index 47 of 192 , chi^2= 0.2689740756380617
23771.946198940277 s; Finished slit index 48 of 192 , chi^2= 0.2550828082156915
24158.300846338272 s; Finished slit index 49 of 192 , chi^2= 0.26574731198334395
24796.685472011566 s; Finished slit index 50 of 192 , chi^2= 0.2706527809720288
25272.47189283371 s; Finished slit index 51 of 192 , chi^2= 0.266336700931399
25673.63338661194 s; Finished slit index 52 of 192 , chi^2= 0.2941813290097172
26065.1818959713 s; Finished slit index 53 of 192 , chi^2= 0.3118465130150554
26561.85742211342 s; Finished slit index 54 of 192 , chi^2= 0.3136277190374684
27095.08592915535 s; Finished slit index 55 of 192 , chi^2= 0.2942740761574892
27511.162140607834 s; Finished slit index 56 of 192 , chi^2= 0.3181502334168871
27740.253874063492 s; Finished slit index 57 of 192 , chi^2= 0.3195481021466609
28234.566513061523 s; Finished slit index 58 of 192 , chi^2= 0.32498642103046527
28729.75282931328 s; Finished slit index 59 of 192 , chi^2= 0.32601089425233926
29268.61349129677 s; Finished slit index 60 of 192 , chi^2= 0.33516420810234615
29777.528414964676 s; Finished slit index 61 of 192 , chi^2= 0.34423364013086954
30358.554994106293 s; Finished slit index 62 of 192 , chi^2= 0.3418913646725829
30902.024406909943 s; Finished slit index 63 of 192 , chi^2= 0.3200970423759736
31365.324333429337 s; Finished slit index 64 of 192 , chi^2= 0.30853071793223247
31832.45597577095 s; Finished slit index 65 of 192 , chi^2= 0.3232773430672082
32280.177914619446 s; Finished slit index 66 of 192 , chi^2= 0.3276599290435193
32812.95744395256 s; Finished slit index 67 of 192 , chi^2= 0.3595249615966925
33278.24066877365 s; Finished slit index 68 of 192 , chi^2= 0.3519943989376063
33787.92601394653 s; Finished slit index 69 of 192 , chi^2= 0.3534178991276818
34231.92625069618 s; Finished slit index 70 of 192 , chi^2= 0.31909369652031216
34719.28824043274 s; Finished slit index 71 of 192 , chi^2= 0.3606593930350445
35314.456393003464 s; Finished slit index 72 of 192 , chi^2= 0.40499950294480874
35792.3426656723 s; Finished slit index 73 of 192 , chi^2= 0.40002984994330276
36294.78924155235 s; Finished slit index 74 of 192 , chi^2= 0.4022769352474421
36875.74923658371 s; Finished slit index 75 of 192 , chi^2= 0.39576874409027374
37392.5886759758 s; Finished slit index 76 of 192 , chi^2= 0.3804521246922248
38071.03273320198 s; Finished slit index 77 of 192 , chi^2= 0.35521063358187216
38664.50197148323 s; Finished slit index 78 of 192 , chi^2= 0.37019523378927266
39196.87252783775 s; Finished slit index 79 of 192 , chi^2= 0.37264416570522596
39812.115929841995 s; Finished slit index 80 of 192 , chi^2= 0.4026258230180894
40404.58993935585 s; Finished slit index 81 of 192 , chi^2= 0.4364667653183947
41060.417583465576 s; Finished slit index 82 of 192 , chi^2= 0.41674719745093297
41634.16642379761 s; Finished slit index 83 of 192 , chi^2= 0.42498902447395276
42101.64597439766 s; Finished slit index 84 of 192 , chi^2= 0.41454937945864345
42632.59157586098 s; Finished slit index 85 of 192 , chi^2= 0.37805624157696155
43225.55629682541 s; Finished slit index 86 of 192 , chi^2= 0.38910872825459364
43714.754024505615 s; Finished slit index 87 of 192 , chi^2= 0.38789098395145655
44366.00945305824 s; Finished slit index 88 of 192 , chi^2= 0.43821846837670725
44801.45628166199 s; Finished slit index 89 of 192 , chi^2= 0.4479608430317439
45335.412719249725 s; Finished slit index 90 of 192 , chi^2= 0.42246552846401403
45842.10054254532 s; Finished slit index 91 of 192 , chi^2= 0.3768755863794568
46336.57266879082 s; Finished slit index 92 of 192 , chi^2= 0.3432543965505782
46872.97344040871 s; Finished slit index 93 of 192 , chi^2= 0.32899500322223835
47404.10857248306 s; Finished slit index 94 of 192 , chi^2= 0.29540459037313804
47862.09520101547 s; Finished slit index 95 of 192 , chi^2= 0.2802439773885179
48318.245270729065 s; Finished slit index 96 of 192 , chi^2= 0.2883484592996925
48750.71715712547 s; Finished slit index 97 of 192 , chi^2= 0.27402647886561876
49258.54235672951 s; Finished slit index 98 of 192 , chi^2= 0.25626128394918024
49612.56188368797 s; Finished slit index 99 of 192 , chi^2= 0.245894704219261
50047.99270987511 s; Finished slit index 100 of 192 , chi^2= 0.2316355086252047
50472.82029223442 s; Finished slit index 101 of 192 , chi^2= 0.2401843394816976
50954.76916074753 s; Finished slit index 102 of 192 , chi^2= 0.2658753743365455
51464.43425512314 s; Finished slit index 103 of 192 , chi^2= 0.2830356889244331
51996.82963705063 s; Finished slit index 104 of 192 , chi^2= 0.2960212738468847
52424.41810679436 s; Finished slit index 105 of 192 , chi^2= 0.3134063482767052
53007.42565512657 s; Finished slit index 106 of 192 , chi^2= 0.32538299735129056
53437.45774483681 s; Finished slit index 107 of 192 , chi^2= 0.3426655378096297
54028.524361371994 s; Finished slit index 108 of 192 , chi^2= 0.3734862239311484
54547.369532346725 s; Finished slit index 109 of 192 , chi^2= 0.369299068409953
55051.22282123566 s; Finished slit index 110 of 192 , chi^2= 0.3722059483655368
55647.76113700867 s; Finished slit index 111 of 192 , chi^2= 0.39747395764501686
56244.45161676407 s; Finished slit index 112 of 192 , chi^2= 0.42077014529695034
56732.23344874382 s; Finished slit index 113 of 192 , chi^2= 0.44951053352950243
57360.50567340851 s; Finished slit index 114 of 192 , chi^2= 0.5016328493433447
57989.67668843269 s; Finished slit index 115 of 192 , chi^2= 0.6037396575340701
58646.218086481094 s; Finished slit index 116 of 192 , chi^2= 0.6497315298782181
59496.33195352554 s; Finished slit index 117 of 192 , chi^2= 0.6619507067096643
60152.91260123253 s; Finished slit index 118 of 192 , chi^2= 0.6631929707500868
60903.76036405563 s; Finished slit index 119 of 192 , chi^2= 0.6550924621391077
61759.03748011589 s; Finished slit index 120 of 192 , chi^2= 0.6336273780476501
62412.74560070038 s; Finished slit index 121 of 192 , chi^2= 0.6027072538840929
63125.72854113579 s; Finished slit index 122 of 192 , chi^2= 0.560193438036917
63849.30751442909 s; Finished slit index 123 of 192 , chi^2= 0.5991727104967076
64605.56189727783 s; Finished slit index 124 of 192 , chi^2= 0.49730389146871995
65041.53262090683 s; Finished slit index 125 of 192 , chi^2= 0.4807356283864792
65871.90580749512 s; Finished slit index 126 of 192 , chi^2= 0.5453060445957183
66593.7397236824 s; Finished slit index 127 of 192 , chi^2= 0.5565922669438322
67260.03336024284 s; Finished slit index 128 of 192 , chi^2= 0.5309588724418147
67596.27914786339 s; Finished slit index 129 of 192 , chi^2= 0.4992201918466137
67998.17073774338 s; Finished slit index 130 of 192 , chi^2= 0.44553089716623034
68622.3998143673 s; Finished slit index 131 of 192 , chi^2= 0.3967177814124361
69244.12217664719 s; Finished slit index 132 of 192 , chi^2= 0.38685056032244586
69795.16221261024 s; Finished slit index 133 of 192 , chi^2= 0.3774748365559105
70432.75363898277 s; Finished slit index 134 of 192 , chi^2= 0.3519295283576599
71081.85146331787 s; Finished slit index 135 of 192 , chi^2= 0.3360596491724073
71636.49268698692 s; Finished slit index 136 of 192 , chi^2= 0.3382516965207897
72314.02658200264 s; Finished slit index 137 of 192 , chi^2= 0.3395868815379151
72891.76582121849 s; Finished slit index 138 of 192 , chi^2= 0.34537424769690483
73505.69135451317 s; Finished slit index 139 of 192 , chi^2= 0.3535176857263965
74184.12665748596 s; Finished slit index 140 of 192 , chi^2= 0.39135058769578773
74772.41604232788 s; Finished slit index 141 of 192 , chi^2= 0.3656000462875639
75443.81366682053 s; Finished slit index 142 of 192 , chi^2= 0.35606167274112316
76065.54214644432 s; Finished slit index 143 of 192 , chi^2= 0.36454419285310546
76783.20165801048 s; Finished slit index 144 of 192 , chi^2= 0.3832165877570368
77431.88547372818 s; Finished slit index 145 of 192 , chi^2= 0.37174521081411055
78055.96355390549 s; Finished slit index 146 of 192 , chi^2= 0.38355540829426166
78611.77596569061 s; Finished slit index 147 of 192 , chi^2= 0.37832688371306283
79120.03122472763 s; Finished slit index 148 of 192 , chi^2= 0.3780957976645747
79781.18640804291 s; Finished slit index 149 of 192 , chi^2= 0.3743538485967059
80413.36925029755 s; Finished slit index 150 of 192 , chi^2= 0.36995469909662154
81079.52342200279 s; Finished slit index 151 of 192 , chi^2= 0.4691452118900989
81607.22135901451 s; Finished slit index 152 of 192 , chi^2= 0.42030847835491325
82170.3377609253 s; Finished slit index 153 of 192 , chi^2= 0.3530616164369212
82769.57463669777 s; Finished slit index 154 of 192 , chi^2= 0.32269510191364886
83308.7833545208 s; Finished slit index 155 of 192 , chi^2= 0.34182882602510734
83873.59963274002 s; Finished slit index 156 of 192 , chi^2= 0.33249901881121496
84439.54044151306 s; Finished slit index 157 of 192 , chi^2= 0.3138581417514725
85079.2690076828 s; Finished slit index 158 of 192 , chi^2= 0.33891090939450635
85784.10193753242 s; Finished slit index 159 of 192 , chi^2= 0.3219438165705818
86453.08612942696 s; Finished slit index 160 of 192 , chi^2= 0.3081595241329125
86867.78981089592 s; Finished slit index 161 of 192 , chi^2= 0.3004636002027108
87323.25618362427 s; Finished slit index 162 of 192 , chi^2= 0.2830872188284957
88040.49889016151 s; Finished slit index 163 of 192 , chi^2= 0.2857867048484834
88658.66663503647 s; Finished slit index 164 of 192 , chi^2= 0.2816067003952532
89164.64290308952 s; Finished slit index 165 of 192 , chi^2= 0.2868800497041022
90000.18509721756 s; Finished slit index 166 of 192 , chi^2= 0.27827373880814993
90817.19324159622 s; Finished slit index 167 of 192 , chi^2= 0.27466988997965736
91884.31366109848 s; Finished slit index 168 of 192 , chi^2= 0.2711881288043805
92943.21065950394 s; Finished slit index 169 of 192 , chi^2= 0.2531134171037916
94251.89738702774 s; Finished slit index 170 of 192 , chi^2= 0.2439608161917273
95514.79020738602 s; Finished slit index 171 of 192 , chi^2= 0.2264970721012497
96038.57258963585 s; Finished slit index 172 of 192 , chi^2= 0.2204081224623787
96392.1382701397 s; Finished slit index 173 of 192 , chi^2= 0.2145368300932736
96832.0710310936 s; Finished slit index 174 of 192 , chi^2= 0.22684343941216908
97231.12515854836 s; Finished slit index 175 of 192 , chi^2= 0.21632485350252775
97695.75995445251 s; Finished slit index 176 of 192 , chi^2= 0.20982500909028529
98116.74929118156 s; Finished slit index 177 of 192 , chi^2= 0.1991648875467654
98618.12444138527 s; Finished slit index 178 of 192 , chi^2= 0.1981817305668979
99219.45803070068 s; Finished slit index 179 of 192 , chi^2= 0.18499343017898798
99519.0682682991 s; Finished slit index 180 of 192 , chi^2= 0.18092549572566768
99902.84956049919 s; Finished slit index 181 of 192 , chi^2= 0.17370722012857248
100196.58089542389 s; Finished slit index 182 of 192 , chi^2= 0.16958545027909536
100517.67806959152 s; Finished slit index 183 of 192 , chi^2= 0.17646014445754368
100947.1730453968 s; Finished slit index 184 of 192 , chi^2= 0.18112616453396505
101482.44642663002 s; Finished slit index 185 of 192 , chi^2= 0.17759906657689012
101710.86469340324 s; Finished slit index 186 of 192 , chi^2= 0.17950322537325075
101994.45029568672 s; Finished slit index 187 of 192 , chi^2= 0.18699767655070748
102307.37836360931 s; Finished slit index 188 of 192 , chi^2= 0.18919604225153694
102801.81141877174 s; Finished slit index 189 of 192 , chi^2= 0.1951804224965294
103132.60492348671 s; Finished slit index 190 of 192 , chi^2= 0.21274226526568563
103509.56692886353 s; Finished slit index 191 of 192 , chi^2= 0.23558696318900008
0 of 192 0.0
10 of 192 0.0
20 of 192 0.0
30 of 192 0.0
40 of 192 0.0
50 of 192 0.0
60 of 192 0.0
70 of 192 0.0
80 of 192 0.0
90 of 192 0.0
100 of 192 0.0
110 of 192 0.0
120 of 192 0.0
130 of 192 0.0
140 of 192 0.0
150 of 192 0.0
160 of 192 0.0
170 of 192 0.0
180 of 192 0.0
190 of 192 0.0
191 of 192 0.0
Correcting Ne VIII 770 - Peak; ref. wavelength=767.6366184999999
Computing PSF Core:
4.993447823987861 % done after 0.6675333976745605 seconds
9.993792675356922 % done after 1.3308014869689941 seconds
14.99413752672598 % done after 2.005686044692993 seconds
19.99448237809504 % done after 2.6766610145568848 seconds
24.9948272294641 % done after 3.3488330841064453 seconds
29.99517208083316 % done after 4.0212790966033936 seconds
34.99551693220222 % done after 4.694761276245117 seconds
39.99586178357128 % done after 5.36219596862793 seconds
44.99620663494034 % done after 6.028872013092041 seconds
49.9965514863094 % done after 6.6963160037994385 seconds
54.99689633767846 % done after 7.3624444007873535 seconds
59.99724118904752 % done after 8.026756525039673 seconds
64.99758604041658 % done after 8.84518814086914 seconds
69.99793089178564 % done after 9.507610559463501 seconds
74.99827574315471 % done after 10.173970699310303 seconds
79.99862059452376 % done after 10.837960243225098 seconds
84.99896544589282 % done after 11.501259326934814 seconds
89.99931029726189 % done after 12.16381311416626 seconds
94.99965514863094 % done after 12.82825779914856 seconds
100.0 % done after 13.495737075805664 seconds
Computing PSF Wings:
4.993447823987861 % done after 0.8301749229431152 seconds
9.993792675356922 % done after 1.6602411270141602 seconds
14.99413752672598 % done after 2.4915249347686768 seconds
19.99448237809504 % done after 3.3209478855133057 seconds
24.9948272294641 % done after 4.151008367538452 seconds
29.99517208083316 % done after 4.981966733932495 seconds
34.99551693220222 % done after 5.8140668869018555 seconds
39.99586178357128 % done after 6.641477108001709 seconds
44.99620663494034 % done after 7.472395896911621 seconds
49.9965514863094 % done after 8.301512479782104 seconds
54.99689633767846 % done after 9.131662607192993 seconds
59.99724118904752 % done after 9.96224594116211 seconds
64.99758604041658 % done after 10.793608665466309 seconds
69.99793089178564 % done after 11.624011754989624 seconds
74.99827574315471 % done after 12.453514814376831 seconds
79.99862059452376 % done after 13.518803834915161 seconds
84.99896544589282 % done after 14.338812589645386 seconds
89.99931029726189 % done after 15.15886378288269 seconds
94.99965514863094 % done after 15.979406833648682 seconds
100.0 % done after 16.800801515579224 seconds
Computing Symmetric PSF for output:
4.993447823987861 % done after 0.5176393985748291 seconds
9.993792675356922 % done after 1.035027265548706 seconds
14.99413752672598 % done after 1.5534911155700684 seconds
19.99448237809504 % done after 2.0724058151245117 seconds
24.9948272294641 % done after 2.592951536178589 seconds
29.99517208083316 % done after 3.1137125492095947 seconds
34.99551693220222 % done after 3.6341073513031006 seconds
39.99586178357128 % done after 4.154935598373413 seconds
44.99620663494034 % done after 4.675635814666748 seconds
49.9965514863094 % done after 5.196284055709839 seconds
54.99689633767846 % done after 5.716213226318359 seconds
59.99724118904752 % done after 6.236307621002197 seconds
64.99758604041658 % done after 6.756626605987549 seconds
69.99793089178564 % done after 7.276896238327026 seconds
74.99827574315471 % done after 7.796871185302734 seconds
79.99862059452376 % done after 8.316444635391235 seconds
84.99896544589282 % done after 8.83657455444336 seconds
89.99931029726189 % done after 9.353304862976074 seconds
94.99965514863094 % done after 9.870415925979614 seconds
100.0 % done after 10.386618375778198 seconds
Correcting the PSF:
555.7012429237366 s; Finished slit index 0 of 192 , chi^2= 0.30885772385786
1097.512877702713 s; Finished slit index 1 of 192 , chi^2= 0.26609583675826165
1696.428751707077 s; Finished slit index 2 of 192 , chi^2= 0.26590802025150234
2342.8484852313995 s; Finished slit index 3 of 192 , chi^2= 0.24309470184244678
2997.7011687755585 s; Finished slit index 4 of 192 , chi^2= 0.24701566758087523
3572.698628425598 s; Finished slit index 5 of 192 , chi^2= 0.26833145164389166
4028.783136367798 s; Finished slit index 6 of 192 , chi^2= 0.25776104622119017
4604.594589471817 s; Finished slit index 7 of 192 , chi^2= 0.24337097681889178
5123.880006313324 s; Finished slit index 8 of 192 , chi^2= 0.2409122318836629
5706.349984169006 s; Finished slit index 9 of 192 , chi^2= 0.2380221051197358
6295.485977888107 s; Finished slit index 10 of 192 , chi^2= 0.23681345190013017
6873.202501535416 s; Finished slit index 11 of 192 , chi^2= 0.22727643627032373
7457.814391374588 s; Finished slit index 12 of 192 , chi^2= 0.2259453059588207
8015.325548410416 s; Finished slit index 13 of 192 , chi^2= 0.21757017089505185
8601.232409715652 s; Finished slit index 14 of 192 , chi^2= 0.2100910266210158
9135.21743798256 s; Finished slit index 15 of 192 , chi^2= 0.2147390747433824
9804.314258813858 s; Finished slit index 16 of 192 , chi^2= 0.2135201286186877
10387.202020645142 s; Finished slit index 17 of 192 , chi^2= 0.20508542807259703
10867.717723846436 s; Finished slit index 18 of 192 , chi^2= 0.20040141592128324
11379.292783737183 s; Finished slit index 19 of 192 , chi^2= 0.20840013594483134
12032.27093243599 s; Finished slit index 20 of 192 , chi^2= 0.21977010954390594
12622.245436906815 s; Finished slit index 21 of 192 , chi^2= 0.22106851634699093
13254.634646177292 s; Finished slit index 22 of 192 , chi^2= 0.23119092414214465
13851.142666101456 s; Finished slit index 23 of 192 , chi^2= 0.22777035160791304
14455.294286251068 s; Finished slit index 24 of 192 , chi^2= 0.22993526982551304
14985.386553764343 s; Finished slit index 25 of 192 , chi^2= 0.22067594382895872
15461.758569717407 s; Finished slit index 26 of 192 , chi^2= 0.20853212997336365
16054.272619485855 s; Finished slit index 27 of 192 , chi^2= 0.21184322956716917
16571.417613983154 s; Finished slit index 28 of 192 , chi^2= 0.20010525238549834
17167.546819210052 s; Finished slit index 29 of 192 , chi^2= 0.22435394025186323
17633.970240354538 s; Finished slit index 30 of 192 , chi^2= 0.20310860972961267
18121.639221668243 s; Finished slit index 31 of 192 , chi^2= 0.20893948773681115
18653.62481355667 s; Finished slit index 32 of 192 , chi^2= 0.19969238290909602
19067.752854824066 s; Finished slit index 33 of 192 , chi^2= 0.20553138900142004
19544.872413635254 s; Finished slit index 34 of 192 , chi^2= 0.20273891950107364
20018.213053703308 s; Finished slit index 35 of 192 , chi^2= 0.21591605560631963
20703.095164060593 s; Finished slit index 36 of 192 , chi^2= 0.20703561026555295
21170.49354839325 s; Finished slit index 37 of 192 , chi^2= 0.19752586532969907
21509.925842285156 s; Finished slit index 38 of 192 , chi^2= 0.21054433310634854
21978.097487449646 s; Finished slit index 39 of 192 , chi^2= 0.20413576992060545
22358.969655513763 s; Finished slit index 40 of 192 , chi^2= 0.19415094883043982
23021.54299068451 s; Finished slit index 41 of 192 , chi^2= 0.20247207415326277
23598.298752307892 s; Finished slit index 42 of 192 , chi^2= 0.1977216068121382
23988.908322572708 s; Finished slit index 43 of 192 , chi^2= 0.20768169637864678
24371.617626190186 s; Finished slit index 44 of 192 , chi^2= 0.20964856141276364
24747.017731666565 s; Finished slit index 45 of 192 , chi^2= 0.23088709468650334
25203.10912489891 s; Finished slit index 46 of 192 , chi^2= 0.2577546479199881
25674.16006207466 s; Finished slit index 47 of 192 , chi^2= 0.2579241986059061
26141.225499868393 s; Finished slit index 48 of 192 , chi^2= 0.24604218304821862
26399.356736421585 s; Finished slit index 49 of 192 , chi^2= 0.25499070684284647
26813.594094753265 s; Finished slit index 50 of 192 , chi^2= 0.2586675817609825
27336.816152095795 s; Finished slit index 51 of 192 , chi^2= 0.25429112976653523
28115.089005947113 s; Finished slit index 52 of 192 , chi^2= 0.2802693533012427
28630.896077632904 s; Finished slit index 53 of 192 , chi^2= 0.2980181906017404
29106.396827459335 s; Finished slit index 54 of 192 , chi^2= 0.29925103111930573
29746.905207157135 s; Finished slit index 55 of 192 , chi^2= 0.28032087837295655
30228.712364196777 s; Finished slit index 56 of 192 , chi^2= 0.3030436597878567
30751.133359193802 s; Finished slit index 57 of 192 , chi^2= 0.30382065851142354
31257.584138154984 s; Finished slit index 58 of 192 , chi^2= 0.30850746600287665
31831.47816848755 s; Finished slit index 59 of 192 , chi^2= 0.3091057278513519
32475.563982725143 s; Finished slit index 60 of 192 , chi^2= 0.31771710847424606
33193.82582569122 s; Finished slit index 61 of 192 , chi^2= 0.3262750501912409
33761.31223869324 s; Finished slit index 62 of 192 , chi^2= 0.3244258524124636
34303.78153395653 s; Finished slit index 63 of 192 , chi^2= 0.3052472836459792
34841.39402294159 s; Finished slit index 64 of 192 , chi^2= 0.29245402015290245
35326.29677414894 s; Finished slit index 65 of 192 , chi^2= 0.3071937924145521
35965.41803431511 s; Finished slit index 66 of 192 , chi^2= 0.31233437804981423
36423.6130592823 s; Finished slit index 67 of 192 , chi^2= 0.3415456630528616
36914.92523121834 s; Finished slit index 68 of 192 , chi^2= 0.33363665680820453
37434.096333026886 s; Finished slit index 69 of 192 , chi^2= 0.33584274166050687
37826.90009069443 s; Finished slit index 70 of 192 , chi^2= 0.30463847361429097
38311.623946905136 s; Finished slit index 71 of 192 , chi^2= 0.3419072336846266
38911.129229068756 s; Finished slit index 72 of 192 , chi^2= 0.3829194211437527
39506.876928806305 s; Finished slit index 73 of 192 , chi^2= 0.3794023320357311
40104.07582116127 s; Finished slit index 74 of 192 , chi^2= 0.38148844105863844
40670.65586090088 s; Finished slit index 75 of 192 , chi^2= 0.37494462030648773
41310.80577468872 s; Finished slit index 76 of 192 , chi^2= 0.3613972159605402
41844.40587472916 s; Finished slit index 77 of 192 , chi^2= 0.3377605634606132
42438.15612363815 s; Finished slit index 78 of 192 , chi^2= 0.35076300218858436
42969.224204301834 s; Finished slit index 79 of 192 , chi^2= 0.35210292431237245
43648.33284115791 s; Finished slit index 80 of 192 , chi^2= 0.37995545048107254
44351.740468502045 s; Finished slit index 81 of 192 , chi^2= 0.4129803399053904
44992.748445272446 s; Finished slit index 82 of 192 , chi^2= 0.39456491449637776
45511.75211453438 s; Finished slit index 83 of 192 , chi^2= 0.4016463772266743
46288.89344859123 s; Finished slit index 84 of 192 , chi^2= 0.39185238194031846
46863.857434272766 s; Finished slit index 85 of 192 , chi^2= 0.3572201543184936
47397.140619039536 s; Finished slit index 86 of 192 , chi^2= 0.36911042934163596
48002.005352020264 s; Finished slit index 87 of 192 , chi^2= 0.36864377858701963
48658.528270959854 s; Finished slit index 88 of 192 , chi^2= 0.41440550616249133
49456.136065006256 s; Finished slit index 89 of 192 , chi^2= 0.42245417732118407
50162.75595021248 s; Finished slit index 90 of 192 , chi^2= 0.3990085859431923
50752.22819042206 s; Finished slit index 91 of 192 , chi^2= 0.357862508105852
51288.37615919113 s; Finished slit index 92 of 192 , chi^2= 0.3269379314584959
51778.93347287178 s; Finished slit index 93 of 192 , chi^2= 0.3133580983256392
52345.3819899559 s; Finished slit index 94 of 192 , chi^2= 0.28178957223673
52868.78318929672 s; Finished slit index 95 of 192 , chi^2= 0.26811878596124006
53332.72480964661 s; Finished slit index 96 of 192 , chi^2= 0.2758510277726336
53824.856162786484 s; Finished slit index 97 of 192 , chi^2= 0.2621220459473621
54323.42184948921 s; Finished slit index 98 of 192 , chi^2= 0.24545017737713692
54827.848059892654 s; Finished slit index 99 of 192 , chi^2= 0.23617596650752753
55256.70516586304 s; Finished slit index 100 of 192 , chi^2= 0.22245517675641524
55696.94212222099 s; Finished slit index 101 of 192 , chi^2= 0.23094344646673648
56162.8783185482 s; Finished slit index 102 of 192 , chi^2= 0.2553303901799081
56627.50962638855 s; Finished slit index 103 of 192 , chi^2= 0.26911846821606816
57135.61222600937 s; Finished slit index 104 of 192 , chi^2= 0.28202218737174356
57702.12098312378 s; Finished slit index 105 of 192 , chi^2= 0.29758952903704416
58152.4562356472 s; Finished slit index 106 of 192 , chi^2= 0.30822573683717863
58727.852147340775 s; Finished slit index 107 of 192 , chi^2= 0.3251848879290537
59200.616094112396 s; Finished slit index 108 of 192 , chi^2= 0.3535003473646638
59743.93037319183 s; Finished slit index 109 of 192 , chi^2= 0.3505501074069916
60303.469819784164 s; Finished slit index 110 of 192 , chi^2= 0.35240936524262195
60902.825568675995 s; Finished slit index 111 of 192 , chi^2= 0.37487846867444496
61565.64984750748 s; Finished slit index 112 of 192 , chi^2= 0.3957403136732593
62263.90421152115 s; Finished slit index 113 of 192 , chi^2= 0.42348227855276377
63076.64607310295 s; Finished slit index 114 of 192 , chi^2= 0.4725508677008439
63726.01811885834 s; Finished slit index 115 of 192 , chi^2= 0.566755055822912
64277.716235637665 s; Finished slit index 116 of 192 , chi^2= 0.6110361333286192
65161.781197071075 s; Finished slit index 117 of 192 , chi^2= 0.6211728076489572
65832.70143008232 s; Finished slit index 118 of 192 , chi^2= 0.6233599819518447
66382.82017612457 s; Finished slit index 119 of 192 , chi^2= 0.6151569182484208
67089.38037490845 s; Finished slit index 120 of 192 , chi^2= 0.5968510086641707
67842.18902301788 s; Finished slit index 121 of 192 , chi^2= 0.5669147273425338
68536.66272187233 s; Finished slit index 122 of 192 , chi^2= 0.585892687823847
69339.41391086578 s; Finished slit index 123 of 192 , chi^2= 0.5637430896179983
69986.75695490837 s; Finished slit index 124 of 192 , chi^2= 0.4688966755654245
70631.50999808311 s; Finished slit index 125 of 192 , chi^2= 0.4521952724973616
71480.09853315353 s; Finished slit index 126 of 192 , chi^2= 0.5150479355594857
72254.98445391655 s; Finished slit index 127 of 192 , chi^2= 0.5272721590767439
73055.31502437592 s; Finished slit index 128 of 192 , chi^2= 0.5038515707822542
73664.65712809563 s; Finished slit index 129 of 192 , chi^2= 0.4734580914500855
74390.11704397202 s; Finished slit index 130 of 192 , chi^2= 0.42163419501926247
74960.10019493103 s; Finished slit index 131 of 192 , chi^2= 0.3766472311095317
75638.74897789955 s; Finished slit index 132 of 192 , chi^2= 0.36738316490886663
76289.6798055172 s; Finished slit index 133 of 192 , chi^2= 0.35782460479853384
76980.11803126335 s; Finished slit index 134 of 192 , chi^2= 0.3335013959908328
77539.7305984497 s; Finished slit index 135 of 192 , chi^2= 0.3196701772837743
78144.36263871193 s; Finished slit index 136 of 192 , chi^2= 0.32124623803558006
78764.40800237656 s; Finished slit index 137 of 192 , chi^2= 0.3227778618913612
79399.69662976265 s; Finished slit index 138 of 192 , chi^2= 0.32769239128162087
80032.24252986908 s; Finished slit index 139 of 192 , chi^2= 0.33479328431970434
80738.56347298622 s; Finished slit index 140 of 192 , chi^2= 0.3699622658088086
81299.99615883827 s; Finished slit index 141 of 192 , chi^2= 0.3450797955957031
81876.46554970741 s; Finished slit index 142 of 192 , chi^2= 0.337145046634967
82471.3767926693 s; Finished slit index 143 of 192 , chi^2= 0.3458203461806652
82935.8100540638 s; Finished slit index 144 of 192 , chi^2= 0.36218394548635635
83483.36790323257 s; Finished slit index 145 of 192 , chi^2= 0.3518069581324011
84026.72218799591 s; Finished slit index 146 of 192 , chi^2= 0.363467390558754
84540.42582654953 s; Finished slit index 147 of 192 , chi^2= 0.35854700466725214
85135.41868686676 s; Finished slit index 148 of 192 , chi^2= 0.35948470109148767
85658.23870182037 s; Finished slit index 149 of 192 , chi^2= 0.35521463478778936
86213.76803421974 s; Finished slit index 150 of 192 , chi^2= 0.35216511558642577
86412.705098629 s; Finished slit index 151 of 192 , chi^2= 0.44396648594716853
86877.91083407402 s; Finished slit index 152 of 192 , chi^2= 0.3984688260260311
87426.36121344566 s; Finished slit index 153 of 192 , chi^2= 0.3372685819900572
88133.28158640862 s; Finished slit index 154 of 192 , chi^2= 0.30710846037546713
88836.64580082893 s; Finished slit index 155 of 192 , chi^2= 0.32570167901265074
89208.16458749771 s; Finished slit index 156 of 192 , chi^2= 0.3171911253759305
89308.81284999847 s; Finished slit index 157 of 192 , chi^2= 0.29937701820335955
89454.066177845 s; Finished slit index 158 of 192 , chi^2= 0.32419322767168374
89574.30005407333 s; Finished slit index 159 of 192 , chi^2= 0.30659558488787114
89734.05267524719 s; Finished slit index 160 of 192 , chi^2= 0.29425083352835246
89893.28890943527 s; Finished slit index 161 of 192 , chi^2= 0.28735820783614313
90040.00774097443 s; Finished slit index 162 of 192 , chi^2= 0.27095441683034677
90182.55204963684 s; Finished slit index 163 of 192 , chi^2= 0.2737232925643201
90327.30121731758 s; Finished slit index 164 of 192 , chi^2= 0.2700965644320707
90431.2607190609 s; Finished slit index 165 of 192 , chi^2= 0.2739220733996306
90563.9323732853 s; Finished slit index 166 of 192 , chi^2= 0.2663660541255072
90702.1670191288 s; Finished slit index 167 of 192 , chi^2= 0.2636455110083962
91700.62274289131 s; Finished slit index 168 of 192 , chi^2= 0.259893763532518
92757.7940762043 s; Finished slit index 169 of 192 , chi^2= 0.24276427765296293
93994.59515762329 s; Finished slit index 170 of 192 , chi^2= 0.23460002954851117
95386.57437682152 s; Finished slit index 171 of 192 , chi^2= 0.21869926078691304
96369.27391815186 s; Finished slit index 172 of 192 , chi^2= 0.2124977819049109
97046.75207614899 s; Finished slit index 173 of 192 , chi^2= 0.20780261951562076
97425.39522361755 s; Finished slit index 174 of 192 , chi^2= 0.21888045262776532
97792.76019263268 s; Finished slit index 175 of 192 , chi^2= 0.20914764413261394
98270.68003082275 s; Finished slit index 176 of 192 , chi^2= 0.20353751455952207
98973.77386403084 s; Finished slit index 177 of 192 , chi^2= 0.19351909292926672
99503.09208965302 s; Finished slit index 178 of 192 , chi^2= 0.19390293988928248
99885.67260670662 s; Finished slit index 179 of 192 , chi^2= 0.18002124387727597
100224.19158911705 s; Finished slit index 180 of 192 , chi^2= 0.17612187210822156
100754.33198618889 s; Finished slit index 181 of 192 , chi^2= 0.16924219209546354
101055.76195716858 s; Finished slit index 182 of 192 , chi^2= 0.16545591600278625
101313.27603006363 s; Finished slit index 183 of 192 , chi^2= 0.1714623466653187
101747.34588074684 s; Finished slit index 184 of 192 , chi^2= 0.17677295687514352
102269.52409696579 s; Finished slit index 185 of 192 , chi^2= 0.172978474868867
102671.08394932747 s; Finished slit index 186 of 192 , chi^2= 0.17569742636290428
102951.29012060165 s; Finished slit index 187 of 192 , chi^2= 0.18350074732685123
103234.62050414085 s; Finished slit index 188 of 192 , chi^2= 0.1850228932211134
103610.60683012009 s; Finished slit index 189 of 192 , chi^2= 0.19003975467749287
103903.36459827423 s; Finished slit index 190 of 192 , chi^2= 0.2065125328634517
104279.30119419098 s; Finished slit index 191 of 192 , chi^2= 0.22852651171160948
0 of 192 0.0
10 of 192 0.0
20 of 192 0.0
30 of 192 0.0
40 of 192 0.0
50 of 192 0.0
60 of 192 0.0
70 of 192 0.0
80 of 192 0.0
90 of 192 0.0
100 of 192 0.0
110 of 192 0.0
120 of 192 0.0
130 of 192 0.0
140 of 192 0.0
150 of 192 0.0
160 of 192 0.0
170 of 192 0.0
180 of 192 0.0
190 of 192 0.0
191 of 192 0.0
Correcting Ne VIII 770 - Peak; ref. wavelength=767.6366184999999
Computing PSF Core:
4.993447823987861 % done after 0.8444364070892334 seconds
9.993792675356922 % done after 1.6860604286193848 seconds
14.99413752672598 % done after 2.5280799865722656 seconds
19.99448237809504 % done after 3.371980667114258 seconds
24.9948272294641 % done after 4.215952396392822 seconds
29.99517208083316 % done after 5.058375597000122 seconds
34.99551693220222 % done after 5.901165246963501 seconds
39.99586178357128 % done after 6.744846820831299 seconds
44.99620663494034 % done after 7.752538442611694 seconds
49.9965514863094 % done after 8.593802690505981 seconds
54.99689633767846 % done after 9.434728622436523 seconds
59.99724118904752 % done after 10.276352882385254 seconds
64.99758604041658 % done after 11.11918592453003 seconds
69.99793089178564 % done after 11.961737632751465 seconds
74.99827574315471 % done after 12.804901599884033 seconds
79.99862059452376 % done after 13.648154497146606 seconds
84.99896544589282 % done after 14.656561374664307 seconds
89.99931029726189 % done after 15.49717402458191 seconds
94.99965514863094 % done after 16.33793878555298 seconds
100.0 % done after 17.178596019744873 seconds
Computing PSF Wings:
4.993447823987861 % done after 1.7550764083862305 seconds
9.993792675356922 % done after 3.511226177215576 seconds
14.99413752672598 % done after 5.269760608673096 seconds
19.99448237809504 % done after 7.0387091636657715 seconds
24.9948272294641 % done after 8.807620763778687 seconds
29.99517208083316 % done after 10.577994585037231 seconds
34.99551693220222 % done after 12.626440525054932 seconds
39.99586178357128 % done after 14.38028597831726 seconds
44.99620663494034 % done after 16.136305332183838 seconds
49.9965514863094 % done after 17.894256591796875 seconds
54.99689633767846 % done after 19.65271520614624 seconds
59.99724118904752 % done after 21.42059636116028 seconds
64.99758604041658 % done after 23.18299961090088 seconds
69.99793089178564 % done after 25.230064630508423 seconds
74.99827574315471 % done after 26.99864172935486 seconds
79.99862059452376 % done after 28.7679660320282 seconds
84.99896544589282 % done after 30.530601501464844 seconds
89.99931029726189 % done after 32.29044222831726 seconds
94.99965514863094 % done after 34.05402421951294 seconds
100.0 % done after 36.09897518157959 seconds
Computing Symmetric PSF for output:
4.993447823987861 % done after 0.5133841037750244 seconds
9.993792675356922 % done after 1.026073694229126 seconds
14.99413752672598 % done after 1.5402586460113525 seconds
19.99448237809504 % done after 2.056349992752075 seconds
24.9948272294641 % done after 2.5726802349090576 seconds
29.99517208083316 % done after 3.090141773223877 seconds
34.99551693220222 % done after 3.6071696281433105 seconds
39.99586178357128 % done after 4.121702194213867 seconds
44.99620663494034 % done after 4.6372971534729 seconds
49.9965514863094 % done after 5.152878046035767 seconds
54.99689633767846 % done after 5.674088001251221 seconds
59.99724118904752 % done after 6.194046974182129 seconds
64.99758604041658 % done after 6.710175514221191 seconds
69.99793089178564 % done after 7.227192640304565 seconds
74.99827574315471 % done after 7.74179482460022 seconds
79.99862059452376 % done after 8.257871866226196 seconds
84.99896544589282 % done after 8.773345470428467 seconds
89.99931029726189 % done after 9.289894104003906 seconds
94.99965514863094 % done after 9.80482816696167 seconds
100.0 % done after 10.32098388671875 seconds
Correcting the PSF:
386.32674407958984 s; Finished slit index 0 of 192 , chi^2= 0.36449725182916937
863.8469452857971 s; Finished slit index 1 of 192 , chi^2= 0.3166602730402411
1534.0019402503967 s; Finished slit index 2 of 192 , chi^2= 0.32260380980422504
1961.1268289089203 s; Finished slit index 3 of 192 , chi^2= 0.2967905619931411
2550.4664092063904 s; Finished slit index 4 of 192 , chi^2= 0.2983286674162251
3020.6544625759125 s; Finished slit index 5 of 192 , chi^2= 0.318937282278125
3499.6496527194977 s; Finished slit index 6 of 192 , chi^2= 0.2991389135724002
4102.676106452942 s; Finished slit index 7 of 192 , chi^2= 0.2932846579355984
4639.451183080673 s; Finished slit index 8 of 192 , chi^2= 0.293641779873174
5211.881343841553 s; Finished slit index 9 of 192 , chi^2= 0.29731644865412804
5746.332345247269 s; Finished slit index 10 of 192 , chi^2= 0.28398281455320734
6344.845646381378 s; Finished slit index 11 of 192 , chi^2= 0.26927256586322057
6888.518249034882 s; Finished slit index 12 of 192 , chi^2= 0.2665825794707902
7383.300329446793 s; Finished slit index 13 of 192 , chi^2= 0.25176947196707244
7943.518112659454 s; Finished slit index 14 of 192 , chi^2= 0.24892612594728136
8376.136368513107 s; Finished slit index 15 of 192 , chi^2= 0.24897344270002383
8722.604113817215 s; Finished slit index 16 of 192 , chi^2= 0.24422923436056945
9071.46994805336 s; Finished slit index 17 of 192 , chi^2= 0.24052316843573318
9543.721407413483 s; Finished slit index 18 of 192 , chi^2= 0.23701112896397666
10043.56242108345 s; Finished slit index 19 of 192 , chi^2= 0.24968231014321396
10574.186975002289 s; Finished slit index 20 of 192 , chi^2= 0.26786943689210857
11241.137426376343 s; Finished slit index 21 of 192 , chi^2= 0.25863593384786526
11909.768342018127 s; Finished slit index 22 of 192 , chi^2= 0.26972508688899627
12453.531361341476 s; Finished slit index 23 of 192 , chi^2= 0.273478411549275
12998.773517370224 s; Finished slit index 24 of 192 , chi^2= 0.2713935774231478
13499.349201202393 s; Finished slit index 25 of 192 , chi^2= 0.2631671289015494
13983.647372722626 s; Finished slit index 26 of 192 , chi^2= 0.25312906287849524
14434.393295764923 s; Finished slit index 27 of 192 , chi^2= 0.24852998000760937
14878.799168586731 s; Finished slit index 28 of 192 , chi^2= 0.23295322694111942
15339.37466788292 s; Finished slit index 29 of 192 , chi^2= 0.26793408353769504
15773.66031050682 s; Finished slit index 30 of 192 , chi^2= 0.24264461214652808
16183.209323644638 s; Finished slit index 31 of 192 , chi^2= 0.25707199861801006
16603.209669828415 s; Finished slit index 32 of 192 , chi^2= 0.24643781661764627
17074.937518835068 s; Finished slit index 33 of 192 , chi^2= 0.25236055524691453
17473.521239757538 s; Finished slit index 34 of 192 , chi^2= 0.2477964328108292
17860.41086268425 s; Finished slit index 35 of 192 , chi^2= 0.26843889251830183
18230.59338450432 s; Finished slit index 36 of 192 , chi^2= 0.2561139893639364
18599.347917318344 s; Finished slit index 37 of 192 , chi^2= 0.25428469601636394
19119.876817941666 s; Finished slit index 38 of 192 , chi^2= 0.2547214240088468
19600.39828157425 s; Finished slit index 39 of 192 , chi^2= 0.2463801591379205
19867.08412861824 s; Finished slit index 40 of 192 , chi^2= 0.2502261422760772
20180.38614988327 s; Finished slit index 41 of 192 , chi^2= 0.25517600179022953
20697.73454976082 s; Finished slit index 42 of 192 , chi^2= 0.24422103963418626
21045.040827274323 s; Finished slit index 43 of 192 , chi^2= 0.2528603993493234
21396.000596046448 s; Finished slit index 44 of 192 , chi^2= 0.25269038105541386
21854.45187973976 s; Finished slit index 45 of 192 , chi^2= 0.28248340500507946
22423.269005537033 s; Finished slit index 46 of 192 , chi^2= 0.30866634043041824
22965.958421468735 s; Finished slit index 47 of 192 , chi^2= 0.30400624895183054
23391.225777626038 s; Finished slit index 48 of 192 , chi^2= 0.29694155447970255
24014.760822296143 s; Finished slit index 49 of 192 , chi^2= 0.30275958204445597
24631.40438580513 s; Finished slit index 50 of 192 , chi^2= 0.3061897665218916
25092.816326141357 s; Finished slit index 51 of 192 , chi^2= 0.29556933747357256
25791.332285404205 s; Finished slit index 52 of 192 , chi^2= 0.329426488485431
26487.033282995224 s; Finished slit index 53 of 192 , chi^2= 0.3458631831095697
26981.6735124588 s; Finished slit index 54 of 192 , chi^2= 0.34521657495116287
27425.622660398483 s; Finished slit index 55 of 192 , chi^2= 0.3225462143825951
28081.758717536926 s; Finished slit index 56 of 192 , chi^2= 0.35818406695910315
28625.93270254135 s; Finished slit index 57 of 192 , chi^2= 0.3580225722374398
29163.481336832047 s; Finished slit index 58 of 192 , chi^2= 0.36288953102788557
29748.212045907974 s; Finished slit index 59 of 192 , chi^2= 0.35867792190570724
30221.149513721466 s; Finished slit index 60 of 192 , chi^2= 0.36921189235132795
30854.173805475235 s; Finished slit index 61 of 192 , chi^2= 0.3780300649181558
31459.41369533539 s; Finished slit index 62 of 192 , chi^2= 0.3754818762298241
32045.313318252563 s; Finished slit index 63 of 192 , chi^2= 0.35858518366977377
32442.66188645363 s; Finished slit index 64 of 192 , chi^2= 0.34440492017659846
32894.8629360199 s; Finished slit index 65 of 192 , chi^2= 0.36065474316522866
33335.393708229065 s; Finished slit index 66 of 192 , chi^2= 0.3631151376723391
33708.2249314785 s; Finished slit index 67 of 192 , chi^2= 0.3944669686763459
34263.752670288086 s; Finished slit index 68 of 192 , chi^2= 0.3886882992071205
34831.57609605789 s; Finished slit index 69 of 192 , chi^2= 0.4014260857058808
35361.420179605484 s; Finished slit index 70 of 192 , chi^2= 0.3533105155482486
35921.21618437767 s; Finished slit index 71 of 192 , chi^2= 0.3952371648246541
36538.77291584015 s; Finished slit index 72 of 192 , chi^2= 0.4493834268964291
36990.993193387985 s; Finished slit index 73 of 192 , chi^2= 0.4413058742618383
37555.79424190521 s; Finished slit index 74 of 192 , chi^2= 0.4434200062555098
38152.43022274971 s; Finished slit index 75 of 192 , chi^2= 0.4344465183415674
38708.6972591877 s; Finished slit index 76 of 192 , chi^2= 0.421856761247177
39275.650039196014 s; Finished slit index 77 of 192 , chi^2= 0.38906720408737805
39839.136676073074 s; Finished slit index 78 of 192 , chi^2= 0.403366485632115
40402.27200818062 s; Finished slit index 79 of 192 , chi^2= 0.4089280862016246
41039.895339012146 s; Finished slit index 80 of 192 , chi^2= 0.4389894319191907
41693.74785375595 s; Finished slit index 81 of 192 , chi^2= 0.4774755023739845
42322.976068496704 s; Finished slit index 82 of 192 , chi^2= 0.46175390106871533
42989.73696398735 s; Finished slit index 83 of 192 , chi^2= 0.47294432941335407
43694.10444331169 s; Finished slit index 84 of 192 , chi^2= 0.46108684249443754
44328.17144489288 s; Finished slit index 85 of 192 , chi^2= 0.4211042380715644
44946.58885073662 s; Finished slit index 86 of 192 , chi^2= 0.4327415706678659
45525.12859630585 s; Finished slit index 87 of 192 , chi^2= 0.4315299975379672
46300.15730047226 s; Finished slit index 88 of 192 , chi^2= 0.48332289101894804
46990.83531999588 s; Finished slit index 89 of 192 , chi^2= 0.4989063795689948
47645.931869506836 s; Finished slit index 90 of 192 , chi^2= 0.47052044807244575
48281.69084525108 s; Finished slit index 91 of 192 , chi^2= 0.42410222994662095
48845.0239739418 s; Finished slit index 92 of 192 , chi^2= 0.38768993731583135
49306.721227407455 s; Finished slit index 93 of 192 , chi^2= 0.37470734015121177
49904.13642311096 s; Finished slit index 94 of 192 , chi^2= 0.33999372412394896
50503.8134598732 s; Finished slit index 95 of 192 , chi^2= 0.3179722957190768
50963.72763824463 s; Finished slit index 96 of 192 , chi^2= 0.3237238151558558
51314.957636117935 s; Finished slit index 97 of 192 , chi^2= 0.3087002813115764
51794.41742229462 s; Finished slit index 98 of 192 , chi^2= 0.29535430928945966
52194.80833363533 s; Finished slit index 99 of 192 , chi^2= 0.28133419674916027
52633.33075904846 s; Finished slit index 100 of 192 , chi^2= 0.26529512171638847
53138.14799642563 s; Finished slit index 101 of 192 , chi^2= 0.27010096063155936
53664.50410914421 s; Finished slit index 102 of 192 , chi^2= 0.2959842896405487
54108.264427661896 s; Finished slit index 103 of 192 , chi^2= 0.3114852520151047
54710.8924908638 s; Finished slit index 104 of 192 , chi^2= 0.33119232541706684
55268.317415475845 s; Finished slit index 105 of 192 , chi^2= 0.3458144656763041
55826.199199438095 s; Finished slit index 106 of 192 , chi^2= 0.35846405354168737
56325.49233055115 s; Finished slit index 107 of 192 , chi^2= 0.37301918358236347
56967.690843105316 s; Finished slit index 108 of 192 , chi^2= 0.4077589273890307
57527.29032421112 s; Finished slit index 109 of 192 , chi^2= 0.40565758906418053
58189.37878155708 s; Finished slit index 110 of 192 , chi^2= 0.40285046345621367
58780.11759066582 s; Finished slit index 111 of 192 , chi^2= 0.43290577803988806
59348.216826200485 s; Finished slit index 112 of 192 , chi^2= 0.45822461028087813
59823.16528391838 s; Finished slit index 113 of 192 , chi^2= 0.48917182880349563
60592.87930417061 s; Finished slit index 114 of 192 , chi^2= 0.54360493590022
61322.68034505844 s; Finished slit index 115 of 192 , chi^2= 0.6581894962537472
61974.428032159805 s; Finished slit index 116 of 192 , chi^2= 0.7098732411646601
62684.45215010643 s; Finished slit index 117 of 192 , chi^2= 0.7365793774979348
63599.05315542221 s; Finished slit index 118 of 192 , chi^2= 0.740101833019221
64357.96739625931 s; Finished slit index 119 of 192 , chi^2= 0.7305803341528441
64921.27807044983 s; Finished slit index 120 of 192 , chi^2= 0.6971315958136022
65623.40356040001 s; Finished slit index 121 of 192 , chi^2= 0.6638403440643551
66528.9750277996 s; Finished slit index 122 of 192 , chi^2= 0.6871045025409191
67303.91096901894 s; Finished slit index 123 of 192 , chi^2= 0.6610823532991544
68220.7963719368 s; Finished slit index 124 of 192 , chi^2= 0.5499644991584145
68971.88436722755 s; Finished slit index 125 of 192 , chi^2= 0.5314479293141916
69673.50580906868 s; Finished slit index 126 of 192 , chi^2= 0.6165810946384583
70604.26083660126 s; Finished slit index 127 of 192 , chi^2= 0.6145999036739579
71419.51987218857 s; Finished slit index 128 of 192 , chi^2= 0.5876122078944903
72196.28989267349 s; Finished slit index 129 of 192 , chi^2= 0.551636149933174
72815.50634074211 s; Finished slit index 130 of 192 , chi^2= 0.4938385263932286
73360.62878704071 s; Finished slit index 131 of 192 , chi^2= 0.44155722337075254
74054.4773118496 s; Finished slit index 132 of 192 , chi^2= 0.4321396611380687
74630.30801153183 s; Finished slit index 133 of 192 , chi^2= 0.41641634568894764
75209.91462635994 s; Finished slit index 134 of 192 , chi^2= 0.3961787253485421
75827.93337249756 s; Finished slit index 135 of 192 , chi^2= 0.3760208437385397
76385.73382115364 s; Finished slit index 136 of 192 , chi^2= 0.3730907475519136
77033.25220108032 s; Finished slit index 137 of 192 , chi^2= 0.3776203264008004
77680.38148403168 s; Finished slit index 138 of 192 , chi^2= 0.3869548129276852
78346.80219888687 s; Finished slit index 139 of 192 , chi^2= 0.38865331320028956
78928.69666528702 s; Finished slit index 140 of 192 , chi^2= 0.43478045067889315
79528.63706159592 s; Finished slit index 141 of 192 , chi^2= 0.4036164888054942
80166.00312566757 s; Finished slit index 142 of 192 , chi^2= 0.3956280172573436
80776.88349819183 s; Finished slit index 143 of 192 , chi^2= 0.4115455366043157
81382.04583597183 s; Finished slit index 144 of 192 , chi^2= 0.42499793785708284
82027.83024477959 s; Finished slit index 145 of 192 , chi^2= 0.40563932486849785
82579.53567790985 s; Finished slit index 146 of 192 , chi^2= 0.4253699280874015
83251.69284415245 s; Finished slit index 147 of 192 , chi^2= 0.41891759223845615
84004.538844347 s; Finished slit index 148 of 192 , chi^2= 0.42367301897733955
84625.08601331711 s; Finished slit index 149 of 192 , chi^2= 0.41719757564004395
85188.08230805397 s; Finished slit index 150 of 192 , chi^2= 0.41633654971902884
85747.9692633152 s; Finished slit index 151 of 192 , chi^2= 0.5416080122330065
86399.17424607277 s; Finished slit index 152 of 192 , chi^2= 0.4757786457622983
86965.63307833672 s; Finished slit index 153 of 192 , chi^2= 0.4055022074122195
87440.81038117409 s; Finished slit index 154 of 192 , chi^2= 0.3626310571650379
88297.40341544151 s; Finished slit index 155 of 192 , chi^2= 0.38660372076673405
88868.05210709572 s; Finished slit index 156 of 192 , chi^2= 0.3773920433083114
89563.6738615036 s; Finished slit index 157 of 192 , chi^2= 0.35687415580093185
90099.70022368431 s; Finished slit index 158 of 192 , chi^2= 0.4023273757453038
90865.56146287918 s; Finished slit index 159 of 192 , chi^2= 0.3701624259020361
91617.57891154289 s; Finished slit index 160 of 192 , chi^2= 0.35310102162076723
92422.87992095947 s; Finished slit index 161 of 192 , chi^2= 0.3557668956319556
93190.68051409721 s; Finished slit index 162 of 192 , chi^2= 0.3262131243963787
93912.81239175797 s; Finished slit index 163 of 192 , chi^2= 0.325197505272946
94603.9316534996 s; Finished slit index 164 of 192 , chi^2= 0.3220995083908216
95337.72983527184 s; Finished slit index 165 of 192 , chi^2= 0.32796988322852655
95804.22682452202 s; Finished slit index 166 of 192 , chi^2= 0.3197637868143217
96157.25817704201 s; Finished slit index 167 of 192 , chi^2= 0.31703233219902965
96560.41014528275 s; Finished slit index 168 of 192 , chi^2= 0.3117425228026315
97057.73452615738 s; Finished slit index 169 of 192 , chi^2= 0.292678118957017
97590.0291826725 s; Finished slit index 170 of 192 , chi^2= 0.2789338436386204
97944.30491995811 s; Finished slit index 171 of 192 , chi^2= 0.2595970185916435
98333.3130569458 s; Finished slit index 172 of 192 , chi^2= 0.2529021675246289
98735.56433868408 s; Finished slit index 173 of 192 , chi^2= 0.24621948114378064
99148.76109790802 s; Finished slit index 174 of 192 , chi^2= 0.2621042854242976
99558.61278915405 s; Finished slit index 175 of 192 , chi^2= 0.2434701532700214
99895.12538099289 s; Finished slit index 176 of 192 , chi^2= 0.23970206040501016
100334.7776043415 s; Finished slit index 177 of 192 , chi^2= 0.22655606869154812
100772.99294638634 s; Finished slit index 178 of 192 , chi^2= 0.2323138935938719
101110.13293242455 s; Finished slit index 179 of 192 , chi^2= 0.210799697995018
101388.76541924477 s; Finished slit index 180 of 192 , chi^2= 0.21413365491823702
101695.20931696892 s; Finished slit index 181 of 192 , chi^2= 0.2004689444413212
101976.39530539513 s; Finished slit index 182 of 192 , chi^2= 0.1968204671207154
102272.64780330658 s; Finished slit index 183 of 192 , chi^2= 0.19927759242210263
102651.28407335281 s; Finished slit index 184 of 192 , chi^2= 0.21357546741388259
103090.26743292809 s; Finished slit index 185 of 192 , chi^2= 0.206653041816422
103382.53220844269 s; Finished slit index 186 of 192 , chi^2= 0.21100844739947333
103708.62737417221 s; Finished slit index 187 of 192 , chi^2= 0.22212719024590474
103980.24608683586 s; Finished slit index 188 of 192 , chi^2= 0.2235007797647532
104332.51234769821 s; Finished slit index 189 of 192 , chi^2= 0.23763908100767786
104606.74704527855 s; Finished slit index 190 of 192 , chi^2= 0.25150626208537563
104878.81675553322 s; Finished slit index 191 of 192 , chi^2= 0.28632670202064386
0 of 192 0.0
10 of 192 0.0
20 of 192 0.0
30 of 192 0.0
40 of 192 0.0
50 of 192 0.0
60 of 192 0.0
70 of 192 0.0
80 of 192 0.0
90 of 192 0.0
100 of 192 0.0
110 of 192 0.0
120 of 192 0.0
130 of 192 0.0
140 of 192 0.0
150 of 192 0.0
160 of 192 0.0
170 of 192 0.0
180 of 192 0.0
190 of 192 0.0
191 of 192 0.0
Correcting Ne VIII 770 - Peak; ref. wavelength=767.6366184999999
Computing PSF Core:
4.993447823987861 % done after 0.5497267246246338 seconds
9.993792675356922 % done after 1.1056089401245117 seconds
14.99413752672598 % done after 1.6489129066467285 seconds
19.99448237809504 % done after 2.189516305923462 seconds
24.9948272294641 % done after 2.7300796508789062 seconds
29.99517208083316 % done after 3.273216724395752 seconds
34.99551693220222 % done after 3.8161115646362305 seconds
39.99586178357128 % done after 4.371015787124634 seconds
44.99620663494034 % done after 4.919050693511963 seconds
49.9965514863094 % done after 5.468024015426636 seconds
54.99689633767846 % done after 6.017040967941284 seconds
59.99724118904752 % done after 6.566811561584473 seconds
64.99758604041658 % done after 7.111475706100464 seconds
69.99793089178564 % done after 7.656588315963745 seconds
74.99827574315471 % done after 8.201818704605103 seconds
79.99862059452376 % done after 8.746628522872925 seconds
84.99896544589282 % done after 9.291798114776611 seconds
89.99931029726189 % done after 9.8301420211792 seconds
94.99965514863094 % done after 10.367635726928711 seconds
100.0 % done after 10.906830310821533 seconds
Computing PSF Wings:
4.993447823987861 % done after 1.6191282272338867 seconds
9.993792675356922 % done after 3.2367942333221436 seconds
14.99413752672598 % done after 4.853784561157227 seconds
19.99448237809504 % done after 6.493404388427734 seconds
24.9948272294641 % done after 8.144937515258789 seconds
29.99517208083316 % done after 9.779634714126587 seconds
34.99551693220222 % done after 11.715981483459473 seconds
39.99586178357128 % done after 13.337980031967163 seconds
44.99620663494034 % done after 14.960411071777344 seconds
49.9965514863094 % done after 16.58548879623413 seconds
54.99689633767846 % done after 18.207281351089478 seconds
59.99724118904752 % done after 19.828014373779297 seconds
64.99758604041658 % done after 21.44431781768799 seconds
69.99793089178564 % done after 23.347134828567505 seconds
74.99827574315471 % done after 24.967173099517822 seconds
79.99862059452376 % done after 26.58389139175415 seconds
84.99896544589282 % done after 28.213967323303223 seconds
89.99931029726189 % done after 29.856769561767578 seconds
94.99965514863094 % done after 31.497111082077026 seconds
100.0 % done after 33.41662859916687 seconds
Computing Symmetric PSF for output:
4.993447823987861 % done after 0.5147843360900879 seconds
9.993792675356922 % done after 1.027167558670044 seconds
14.99413752672598 % done after 1.5401055812835693 seconds
19.99448237809504 % done after 2.054072618484497 seconds
24.9948272294641 % done after 2.570538282394409 seconds
29.99517208083316 % done after 3.085705518722534 seconds
34.99551693220222 % done after 3.6007087230682373 seconds
39.99586178357128 % done after 4.115279912948608 seconds
44.99620663494034 % done after 4.62949275970459 seconds
49.9965514863094 % done after 5.144642353057861 seconds
54.99689633767846 % done after 5.662879705429077 seconds
59.99724118904752 % done after 6.181063175201416 seconds
64.99758604041658 % done after 6.696875810623169 seconds
69.99793089178564 % done after 7.214848756790161 seconds
74.99827574315471 % done after 7.733450889587402 seconds
79.99862059452376 % done after 8.252065420150757 seconds
84.99896544589282 % done after 8.771098375320435 seconds
89.99931029726189 % done after 9.287096977233887 seconds
94.99965514863094 % done after 9.80114459991455 seconds
100.0 % done after 10.314279317855835 seconds
Correcting the PSF:
585.2575173377991 s; Finished slit index 0 of 192 , chi^2= 0.3018254700619787
1146.2659227848053 s; Finished slit index 1 of 192 , chi^2= 0.25777941652774344
1611.4406361579895 s; Finished slit index 2 of 192 , chi^2= 0.25839436228386375
2045.8539502620697 s; Finished slit index 3 of 192 , chi^2= 0.23735278001937177
2486.826103448868 s; Finished slit index 4 of 192 , chi^2= 0.24300856451875166
3108.6374316215515 s; Finished slit index 5 of 192 , chi^2= 0.2635709700704501
3631.0988829135895 s; Finished slit index 6 of 192 , chi^2= 0.2540054217211658
4132.380167722702 s; Finished slit index 7 of 192 , chi^2= 0.23798520215270227
4558.5766088962555 s; Finished slit index 8 of 192 , chi^2= 0.2360008881803053
4968.018403530121 s; Finished slit index 9 of 192 , chi^2= 0.23396158245143048
5467.643260717392 s; Finished slit index 10 of 192 , chi^2= 0.23378453001518085
6061.697465896606 s; Finished slit index 11 of 192 , chi^2= 0.22374176690983308
6656.799137353897 s; Finished slit index 12 of 192 , chi^2= 0.22483693760841347
7388.885466098785 s; Finished slit index 13 of 192 , chi^2= 0.21716908785120298
7905.780143499374 s; Finished slit index 14 of 192 , chi^2= 0.20864700436280975
8341.079404592514 s; Finished slit index 15 of 192 , chi^2= 0.21248524280444345
8921.588267564774 s; Finished slit index 16 of 192 , chi^2= 0.2110233751512276
9376.842741727829 s; Finished slit index 17 of 192 , chi^2= 0.20434355517647812
9880.508029222488 s; Finished slit index 18 of 192 , chi^2= 0.2006022184898516
10381.265174865723 s; Finished slit index 19 of 192 , chi^2= 0.20641678818611836
10883.755207061768 s; Finished slit index 20 of 192 , chi^2= 0.21736789593084282
11456.39632344246 s; Finished slit index 21 of 192 , chi^2= 0.21547001548182793
12098.863741874695 s; Finished slit index 22 of 192 , chi^2= 0.22843532122197477
12830.066668987274 s; Finished slit index 23 of 192 , chi^2= 0.22468101501525467
13469.287053585052 s; Finished slit index 24 of 192 , chi^2= 0.22416300227227337
14025.295489311218 s; Finished slit index 25 of 192 , chi^2= 0.21742158880345097
14443.424920797348 s; Finished slit index 26 of 192 , chi^2= 0.20722741074088893
14989.210839033127 s; Finished slit index 27 of 192 , chi^2= 0.2084823342515722
15529.36743402481 s; Finished slit index 28 of 192 , chi^2= 0.19776873079624294
15996.996010065079 s; Finished slit index 29 of 192 , chi^2= 0.2207598681112207
16546.40460729599 s; Finished slit index 30 of 192 , chi^2= 0.20136249400887868
17106.090629816055 s; Finished slit index 31 of 192 , chi^2= 0.2050321974307883
17592.276526927948 s; Finished slit index 32 of 192 , chi^2= 0.19730877663202917
18111.8859770298 s; Finished slit index 33 of 192 , chi^2= 0.20205911317827774
18619.650031089783 s; Finished slit index 34 of 192 , chi^2= 0.20216330536742882
19091.804075956345 s; Finished slit index 35 of 192 , chi^2= 0.2128266297889153
19528.738652944565 s; Finished slit index 36 of 192 , chi^2= 0.20537977049501155
19856.397674560547 s; Finished slit index 37 of 192 , chi^2= 0.19462726154357504
20239.487867116928 s; Finished slit index 38 of 192 , chi^2= 0.2068459527059945
20538.181602954865 s; Finished slit index 39 of 192 , chi^2= 0.2015016159179396
20941.688050031662 s; Finished slit index 40 of 192 , chi^2= 0.19164416291869119
21456.827654600143 s; Finished slit index 41 of 192 , chi^2= 0.19835013519448436
21779.05956029892 s; Finished slit index 42 of 192 , chi^2= 0.1938392916319628
22249.184066057205 s; Finished slit index 43 of 192 , chi^2= 0.20391666973829714
22611.010499954224 s; Finished slit index 44 of 192 , chi^2= 0.2066503998841689
23046.14335155487 s; Finished slit index 45 of 192 , chi^2= 0.22652301946392592
23563.361268281937 s; Finished slit index 46 of 192 , chi^2= 0.2508187370483404
23930.399256706238 s; Finished slit index 47 of 192 , chi^2= 0.249871375782575
24434.635802984238 s; Finished slit index 48 of 192 , chi^2= 0.23950501700900745
25034.028223991394 s; Finished slit index 49 of 192 , chi^2= 0.2504347388580518
25579.359310388565 s; Finished slit index 50 of 192 , chi^2= 0.2530057441029306
26080.719725608826 s; Finished slit index 51 of 192 , chi^2= 0.24964894462550932
26558.567907333374 s; Finished slit index 52 of 192 , chi^2= 0.27370775966205324
26921.441332101822 s; Finished slit index 53 of 192 , chi^2= 0.2899057874256301
27501.001159906387 s; Finished slit index 54 of 192 , chi^2= 0.29149552359137154
27978.915521621704 s; Finished slit index 55 of 192 , chi^2= 0.2750853740699233
28604.96785593033 s; Finished slit index 56 of 192 , chi^2= 0.2934563319524723
29051.59049630165 s; Finished slit index 57 of 192 , chi^2= 0.295564664936155
29554.291184425354 s; Finished slit index 58 of 192 , chi^2= 0.2984577457245846
30098.731812000275 s; Finished slit index 59 of 192 , chi^2= 0.3001544003180991
30657.895760774612 s; Finished slit index 60 of 192 , chi^2= 0.30780133799024517
31246.610560655594 s; Finished slit index 61 of 192 , chi^2= 0.3153082452309862
31686.61931037903 s; Finished slit index 62 of 192 , chi^2= 0.3144240449005214
32282.883341550827 s; Finished slit index 63 of 192 , chi^2= 0.29686029342017006
32788.269919633865 s; Finished slit index 64 of 192 , chi^2= 0.28589186045397097
33154.28091597557 s; Finished slit index 65 of 192 , chi^2= 0.29793770672552716
33673.15582537651 s; Finished slit index 66 of 192 , chi^2= 0.2997083076456716
34235.92314243317 s; Finished slit index 67 of 192 , chi^2= 0.3285224252858226
34710.28308868408 s; Finished slit index 68 of 192 , chi^2= 0.3230011569819814
35277.10876965523 s; Finished slit index 69 of 192 , chi^2= 0.3289468357847837
35752.142907619476 s; Finished slit index 70 of 192 , chi^2= 0.29451506509342606
36259.77008485794 s; Finished slit index 71 of 192 , chi^2= 0.3307683614470187
36949.62375211716 s; Finished slit index 72 of 192 , chi^2= 0.3667813497468032
37621.953793525696 s; Finished slit index 73 of 192 , chi^2= 0.3653416892727935
38051.2308075428 s; Finished slit index 74 of 192 , chi^2= 0.3660132844682211
38695.64984679222 s; Finished slit index 75 of 192 , chi^2= 0.35972606407066277
39251.94583415985 s; Finished slit index 76 of 192 , chi^2= 0.3479524344440193
39723.53367972374 s; Finished slit index 77 of 192 , chi^2= 0.32632131080413024
40258.00729584694 s; Finished slit index 78 of 192 , chi^2= 0.33869484440385783
40840.27585577965 s; Finished slit index 79 of 192 , chi^2= 0.3406407969922262
41244.46089267731 s; Finished slit index 80 of 192 , chi^2= 0.3641547169959195
41873.998331069946 s; Finished slit index 81 of 192 , chi^2= 0.39450860477354405
42525.51020240784 s; Finished slit index 82 of 192 , chi^2= 0.3767859941078102
43078.45860481262 s; Finished slit index 83 of 192 , chi^2= 0.38668995106810555
43652.77817988396 s; Finished slit index 84 of 192 , chi^2= 0.3769167726745449
44119.13767027855 s; Finished slit index 85 of 192 , chi^2= 0.34519768305776405
44656.386293411255 s; Finished slit index 86 of 192 , chi^2= 0.3528522197878598
45214.86506009102 s; Finished slit index 87 of 192 , chi^2= 0.3531084009397849
45889.103551864624 s; Finished slit index 88 of 192 , chi^2= 0.3963942307998265
46455.03471541405 s; Finished slit index 89 of 192 , chi^2= 0.4073923145028654
46979.64303922653 s; Finished slit index 90 of 192 , chi^2= 0.38218115499371347
47584.416518211365 s; Finished slit index 91 of 192 , chi^2= 0.34348103714784384
48125.47972869873 s; Finished slit index 92 of 192 , chi^2= 0.3151308515235629
48612.567118644714 s; Finished slit index 93 of 192 , chi^2= 0.30195324919704136
49239.65199804306 s; Finished slit index 94 of 192 , chi^2= 0.27456477740146834
49648.336565732956 s; Finished slit index 95 of 192 , chi^2= 0.2625008858540934
50183.45921897888 s; Finished slit index 96 of 192 , chi^2= 0.2661158789914311
50620.43459510803 s; Finished slit index 97 of 192 , chi^2= 0.255025212432663
51119.954275369644 s; Finished slit index 98 of 192 , chi^2= 0.23923721959863875
51602.8623611927 s; Finished slit index 99 of 192 , chi^2= 0.23149244623732546
52050.49959945679 s; Finished slit index 100 of 192 , chi^2= 0.22029042660364456
52640.788534641266 s; Finished slit index 101 of 192 , chi^2= 0.2265400455846533
53044.4551525116 s; Finished slit index 102 of 192 , chi^2= 0.248711691110463
53608.19812679291 s; Finished slit index 103 of 192 , chi^2= 0.2679098231684452
54131.33601498604 s; Finished slit index 104 of 192 , chi^2= 0.27865559878779983
54607.00447225571 s; Finished slit index 105 of 192 , chi^2= 0.295196769943103
55118.24245548248 s; Finished slit index 106 of 192 , chi^2= 0.3055678962049128
55509.23439025879 s; Finished slit index 107 of 192 , chi^2= 0.3165135914175653
56083.17071437836 s; Finished slit index 108 of 192 , chi^2= 0.3438072196483411
56508.307490587234 s; Finished slit index 109 of 192 , chi^2= 0.33966636672642353
57123.944845438 s; Finished slit index 110 of 192 , chi^2= 0.339084316909423
57572.57764196396 s; Finished slit index 111 of 192 , chi^2= 0.36286202723929006
58146.24120283127 s; Finished slit index 112 of 192 , chi^2= 0.3841293562912984
58652.80993247032 s; Finished slit index 113 of 192 , chi^2= 0.40855847832747993
59315.34258937836 s; Finished slit index 114 of 192 , chi^2= 0.4500103101059803
60120.15464091301 s; Finished slit index 115 of 192 , chi^2= 0.5411627562154633
60710.93072390556 s; Finished slit index 116 of 192 , chi^2= 0.5794386139339545
61288.2075715065 s; Finished slit index 117 of 192 , chi^2= 0.5897263992812357
61921.48196721077 s; Finished slit index 118 of 192 , chi^2= 0.5895038282979395
62602.919373989105 s; Finished slit index 119 of 192 , chi^2= 0.5818582656749633
63191.39981389046 s; Finished slit index 120 of 192 , chi^2= 0.5674162024774537
63812.067959070206 s; Finished slit index 121 of 192 , chi^2= 0.537139754310763
64590.75420713425 s; Finished slit index 122 of 192 , chi^2= 0.5593849216576391
65023.0932803154 s; Finished slit index 123 of 192 , chi^2= 0.5413209653608426
65475.051006793976 s; Finished slit index 124 of 192 , chi^2= 0.4466922189568863
66192.28226304054 s; Finished slit index 125 of 192 , chi^2= 0.43139128891882966
66871.90997052193 s; Finished slit index 126 of 192 , chi^2= 0.4925286377923963
67431.37119221687 s; Finished slit index 127 of 192 , chi^2= 0.49964720586947126
68300.41254115105 s; Finished slit index 128 of 192 , chi^2= 0.4783595501114083
68965.8855855465 s; Finished slit index 129 of 192 , chi^2= 0.4508572049424059
69560.42103028297 s; Finished slit index 130 of 192 , chi^2= 0.40429272137092304
70233.16270375252 s; Finished slit index 131 of 192 , chi^2= 0.3608734318135554
70946.55981969833 s; Finished slit index 132 of 192 , chi^2= 0.35534777643778065
71563.05920910835 s; Finished slit index 133 of 192 , chi^2= 0.34712241981201675
72195.57770609856 s; Finished slit index 134 of 192 , chi^2= 0.32393700245660556
72799.8969836235 s; Finished slit index 135 of 192 , chi^2= 0.3097713447364647
73307.50367832184 s; Finished slit index 136 of 192 , chi^2= 0.31374747036005984
73892.43616247177 s; Finished slit index 137 of 192 , chi^2= 0.3139028115550337
74390.56255412102 s; Finished slit index 138 of 192 , chi^2= 0.3167068584673173
75040.15242385864 s; Finished slit index 139 of 192 , chi^2= 0.3237169901039638
75751.64641189575 s; Finished slit index 140 of 192 , chi^2= 0.35891348211077434
76389.60658740997 s; Finished slit index 141 of 192 , chi^2= 0.3353171843495898
76971.53192138672 s; Finished slit index 142 of 192 , chi^2= 0.3244208742817779
77581.84228110313 s; Finished slit index 143 of 192 , chi^2= 0.3333412474907663
78103.01594614983 s; Finished slit index 144 of 192 , chi^2= 0.35043352385933396
78589.6936712265 s; Finished slit index 145 of 192 , chi^2= 0.339821292004871
79098.27961373329 s; Finished slit index 146 of 192 , chi^2= 0.35080133509501954
79738.43796181679 s; Finished slit index 147 of 192 , chi^2= 0.34596169800873244
80451.41601777077 s; Finished slit index 148 of 192 , chi^2= 0.3446434056375887
80964.69412875175 s; Finished slit index 149 of 192 , chi^2= 0.3414862958504017
81503.09142947197 s; Finished slit index 150 of 192 , chi^2= 0.33886323545490793
82189.77464795113 s; Finished slit index 151 of 192 , chi^2= 0.4237673896531485
82760.18516016006 s; Finished slit index 152 of 192 , chi^2= 0.3783666065998082
83418.23927593231 s; Finished slit index 153 of 192 , chi^2= 0.3244673155755087
84007.98104786873 s; Finished slit index 154 of 192 , chi^2= 0.29644481147113577
84503.003105402 s; Finished slit index 155 of 192 , chi^2= 0.3153652465303947
85147.4387152195 s; Finished slit index 156 of 192 , chi^2= 0.304080542380742
85733.13987851143 s; Finished slit index 157 of 192 , chi^2= 0.2889967412283319
86338.76596355438 s; Finished slit index 158 of 192 , chi^2= 0.3143327857232406
87018.01991915703 s; Finished slit index 159 of 192 , chi^2= 0.296692675014472
87865.53002095222 s; Finished slit index 160 of 192 , chi^2= 0.28489377966685286
88769.55950951576 s; Finished slit index 161 of 192 , chi^2= 0.2786320810469644
89537.77456760406 s; Finished slit index 162 of 192 , chi^2= 0.2628903908229932
90354.73090958595 s; Finished slit index 163 of 192 , chi^2= 0.26634052590869955
91167.58739852905 s; Finished slit index 164 of 192 , chi^2= 0.2613005381720443
92278.70365524292 s; Finished slit index 165 of 192 , chi^2= 0.26741948045910485
93360.64834165573 s; Finished slit index 166 of 192 , chi^2= 0.2607516625425825
94748.59486365318 s; Finished slit index 167 of 192 , chi^2= 0.25535524141955734
95759.2475464344 s; Finished slit index 168 of 192 , chi^2= 0.25400018995988166
96281.10907459259 s; Finished slit index 169 of 192 , chi^2= 0.2387220189180832
96658.83102679253 s; Finished slit index 170 of 192 , chi^2= 0.2308875908436504
97116.00708317757 s; Finished slit index 171 of 192 , chi^2= 0.21526492762837535
97601.58843946457 s; Finished slit index 172 of 192 , chi^2= 0.2120380266492705
98032.63367962837 s; Finished slit index 173 of 192 , chi^2= 0.20559237752361842
98426.87441182137 s; Finished slit index 174 of 192 , chi^2= 0.22305461908286506
98781.6105697155 s; Finished slit index 175 of 192 , chi^2= 0.2070641220992502
99202.68160104752 s; Finished slit index 176 of 192 , chi^2= 0.20285678235053486
99583.52288460732 s; Finished slit index 177 of 192 , chi^2= 0.19466660588746654
99926.89956521988 s; Finished slit index 178 of 192 , chi^2= 0.19285822117939708
100253.34702420235 s; Finished slit index 179 of 192 , chi^2= 0.18013513530221154
100546.48598957062 s; Finished slit index 180 of 192 , chi^2= 0.17695751328991327
100939.90842080116 s; Finished slit index 181 of 192 , chi^2= 0.17090152063252811
101268.3759534359 s; Finished slit index 182 of 192 , chi^2= 0.17055908600510433
101612.04470419884 s; Finished slit index 183 of 192 , chi^2= 0.17332077704325866
101983.71306729317 s; Finished slit index 184 of 192 , chi^2= 0.1783716985636522
102460.13630890846 s; Finished slit index 185 of 192 , chi^2= 0.17463528603034378
102870.7668967247 s; Finished slit index 186 of 192 , chi^2= 0.17616225821584994
103354.94226455688 s; Finished slit index 187 of 192 , chi^2= 0.18117202629837756
103672.94324588776 s; Finished slit index 188 of 192 , chi^2= 0.18393744532706305
104064.8703455925 s; Finished slit index 189 of 192 , chi^2= 0.19337234508564424
104425.68938755989 s; Finished slit index 190 of 192 , chi^2= 0.2053756502856745
104729.38858294487 s; Finished slit index 191 of 192 , chi^2= 0.2243074253061446
0 of 192 0.0
10 of 192 0.0
20 of 192 0.0
30 of 192 0.0
40 of 192 0.0
50 of 192 0.0
60 of 192 0.0
70 of 192 0.0
80 of 192 0.0
90 of 192 0.0
100 of 192 0.0
110 of 192 0.0
120 of 192 0.0
130 of 192 0.0
140 of 192 0.0
150 of 192 0.0
160 of 192 0.0
170 of 192 0.0
180 of 192 0.0
190 of 192 0.0
191 of 192 0.0
Correcting Ne VIII 770 - Peak; ref. wavelength=767.6366184999999
Computing PSF Core:
4.993447823987861 % done after 0.5458343029022217 seconds
9.993792675356922 % done after 1.0909669399261475 seconds
14.99413752672598 % done after 1.6371774673461914 seconds
19.99448237809504 % done after 2.184185028076172 seconds
24.9948272294641 % done after 2.731870651245117 seconds
29.99517208083316 % done after 3.281604766845703 seconds
34.99551693220222 % done after 3.8310935497283936 seconds
39.99586178357128 % done after 4.37957763671875 seconds
44.99620663494034 % done after 4.92804741859436 seconds
49.9965514863094 % done after 5.476882696151733 seconds
54.99689633767846 % done after 6.026134967803955 seconds
59.99724118904752 % done after 6.575214385986328 seconds
64.99758604041658 % done after 7.124759197235107 seconds
69.99793089178564 % done after 7.674615144729614 seconds
74.99827574315471 % done after 8.224803686141968 seconds
79.99862059452376 % done after 8.775153398513794 seconds
84.99896544589282 % done after 9.32608675956726 seconds
89.99931029726189 % done after 9.876720666885376 seconds
94.99965514863094 % done after 10.427537679672241 seconds
100.0 % done after 10.98043155670166 seconds
Computing PSF Wings:
4.993447823987861 % done after 1.180945873260498 seconds
9.993792675356922 % done after 2.3621110916137695 seconds
14.99413752672598 % done after 3.5500333309173584 seconds
19.99448237809504 % done after 4.759316444396973 seconds
24.9948272294641 % done after 5.968044757843018 seconds
29.99517208083316 % done after 7.177103519439697 seconds
34.99551693220222 % done after 8.385735034942627 seconds
39.99586178357128 % done after 9.595510244369507 seconds
44.99620663494034 % done after 10.804556608200073 seconds
49.9965514863094 % done after 12.273010730743408 seconds
54.99689633767846 % done after 13.464091539382935 seconds
59.99724118904752 % done after 14.655528545379639 seconds
64.99758604041658 % done after 15.846247434616089 seconds
69.99793089178564 % done after 17.037336587905884 seconds
74.99827574315471 % done after 18.229985237121582 seconds
79.99862059452376 % done after 19.423914194107056 seconds
84.99896544589282 % done after 20.616875648498535 seconds
89.99931029726189 % done after 21.811248540878296 seconds
94.99965514863094 % done after 23.277357816696167 seconds
100.0 % done after 24.44877552986145 seconds
Computing Symmetric PSF for output:
4.993447823987861 % done after 0.515946626663208 seconds
9.993792675356922 % done after 1.031165599822998 seconds
14.99413752672598 % done after 1.5467407703399658 seconds
19.99448237809504 % done after 2.0623459815979004 seconds
24.9948272294641 % done after 2.582712173461914 seconds
29.99517208083316 % done after 3.102195978164673 seconds
34.99551693220222 % done after 3.6209731101989746 seconds
39.99586178357128 % done after 4.140192270278931 seconds
44.99620663494034 % done after 4.656328201293945 seconds
49.9965514863094 % done after 5.171573638916016 seconds
54.99689633767846 % done after 5.6872618198394775 seconds
59.99724118904752 % done after 6.201979398727417 seconds
64.99758604041658 % done after 6.717932462692261 seconds
69.99793089178564 % done after 7.233018636703491 seconds
74.99827574315471 % done after 7.747958660125732 seconds
79.99862059452376 % done after 8.262738943099976 seconds
84.99896544589282 % done after 8.781301736831665 seconds
89.99931029726189 % done after 9.30010199546814 seconds
94.99965514863094 % done after 9.818742752075195 seconds
100.0 % done after 10.337778091430664 seconds
Correcting the PSF:
640.8057224750519 s; Finished slit index 0 of 192 , chi^2= 0.30083865861242953
1180.0829758644104 s; Finished slit index 1 of 192 , chi^2= 0.25662718932526446
1708.3965892791748 s; Finished slit index 2 of 192 , chi^2= 0.25754359214627737
2207.4701659679413 s; Finished slit index 3 of 192 , chi^2= 0.23551576150361073
2716.760026693344 s; Finished slit index 4 of 192 , chi^2= 0.24240755685535603
3335.59699511528 s; Finished slit index 5 of 192 , chi^2= 0.2613261496078497
3965.884878873825 s; Finished slit index 6 of 192 , chi^2= 0.25363577632679396
4570.98214507103 s; Finished slit index 7 of 192 , chi^2= 0.23780373865361912
5182.037693977356 s; Finished slit index 8 of 192 , chi^2= 0.23594078211083916
5685.689422369003 s; Finished slit index 9 of 192 , chi^2= 0.23223406201051153
6346.534931898117 s; Finished slit index 10 of 192 , chi^2= 0.23219497643540168
6986.254600286484 s; Finished slit index 11 of 192 , chi^2= 0.22159692804273168
7570.447106838226 s; Finished slit index 12 of 192 , chi^2= 0.2229988975089531
8157.812382936478 s; Finished slit index 13 of 192 , chi^2= 0.21573248889403268
8722.701514005661 s; Finished slit index 14 of 192 , chi^2= 0.2093298558626542
9343.657810688019 s; Finished slit index 15 of 192 , chi^2= 0.21067508364803006
9927.429680347443 s; Finished slit index 16 of 192 , chi^2= 0.21145045676769525
10257.812480211258 s; Finished slit index 17 of 192 , chi^2= 0.2026441499037474
10755.818873882294 s; Finished slit index 18 of 192 , chi^2= 0.19892102945387008
11358.78566980362 s; Finished slit index 19 of 192 , chi^2= 0.20467079339777686
11946.161008119583 s; Finished slit index 20 of 192 , chi^2= 0.21557696591634679
12539.169778108597 s; Finished slit index 21 of 192 , chi^2= 0.2149668535572065
13115.863916635513 s; Finished slit index 22 of 192 , chi^2= 0.22694503930652335
13722.687287569046 s; Finished slit index 23 of 192 , chi^2= 0.22301102912046106
14228.274003744125 s; Finished slit index 24 of 192 , chi^2= 0.22379815066712247
14709.841118812561 s; Finished slit index 25 of 192 , chi^2= 0.21559997117618754
15158.703560113907 s; Finished slit index 26 of 192 , chi^2= 0.20573293402397805
15591.552040576935 s; Finished slit index 27 of 192 , chi^2= 0.20687906992717406
16088.974076747894 s; Finished slit index 28 of 192 , chi^2= 0.19611113681181186
16634.732263088226 s; Finished slit index 29 of 192 , chi^2= 0.21894777561230575
17112.40341567993 s; Finished slit index 30 of 192 , chi^2= 0.19979212495531237
17642.810475826263 s; Finished slit index 31 of 192 , chi^2= 0.20344705197418755
18189.1717069149 s; Finished slit index 32 of 192 , chi^2= 0.19593283052716404
18522.506828784943 s; Finished slit index 33 of 192 , chi^2= 0.20043251104480456
19182.304013490677 s; Finished slit index 34 of 192 , chi^2= 0.20053256713771292
19747.978638887405 s; Finished slit index 35 of 192 , chi^2= 0.21126555393169408
20222.184415340424 s; Finished slit index 36 of 192 , chi^2= 0.2038155161051236
20587.898003578186 s; Finished slit index 37 of 192 , chi^2= 0.19322574487847932
20967.754833698273 s; Finished slit index 38 of 192 , chi^2= 0.20509364909358627
21395.346326112747 s; Finished slit index 39 of 192 , chi^2= 0.19991296737245967
21888.527420520782 s; Finished slit index 40 of 192 , chi^2= 0.1902029522140526
22444.21056652069 s; Finished slit index 41 of 192 , chi^2= 0.19686131803628537
22698.863185167313 s; Finished slit index 42 of 192 , chi^2= 0.19234970182104974
23022.769845962524 s; Finished slit index 43 of 192 , chi^2= 0.20218378841057758
23503.08932685852 s; Finished slit index 44 of 192 , chi^2= 0.20476969935185968
24012.861592054367 s; Finished slit index 45 of 192 , chi^2= 0.22458791041999657
24687.59623169899 s; Finished slit index 46 of 192 , chi^2= 0.24849978380070523
25171.76287126541 s; Finished slit index 47 of 192 , chi^2= 0.2476324892252732
25708.36376976967 s; Finished slit index 48 of 192 , chi^2= 0.23769009106783895
26213.258281469345 s; Finished slit index 49 of 192 , chi^2= 0.24812388483048503
26711.117125749588 s; Finished slit index 50 of 192 , chi^2= 0.25064296013460224
27271.28376674652 s; Finished slit index 51 of 192 , chi^2= 0.24728057946377677
27771.92208790779 s; Finished slit index 52 of 192 , chi^2= 0.27117538104064104
28324.403557300568 s; Finished slit index 53 of 192 , chi^2= 0.28712594846707457
28697.60360312462 s; Finished slit index 54 of 192 , chi^2= 0.2890005421908461
29227.27684855461 s; Finished slit index 55 of 192 , chi^2= 0.2724305419798451
29763.09885263443 s; Finished slit index 56 of 192 , chi^2= 0.2907870587347123
30407.222811698914 s; Finished slit index 57 of 192 , chi^2= 0.2924593757759244
30974.359429836273 s; Finished slit index 58 of 192 , chi^2= 0.29532226843187087
31624.630559682846 s; Finished slit index 59 of 192 , chi^2= 0.29697017871903547
32234.31555223465 s; Finished slit index 60 of 192 , chi^2= 0.3045886269278577
32629.623774051666 s; Finished slit index 61 of 192 , chi^2= 0.3126395345974838
33289.429831027985 s; Finished slit index 62 of 192 , chi^2= 0.3114300718238669
33844.200939655304 s; Finished slit index 63 of 192 , chi^2= 0.2940221054411386
34369.354957818985 s; Finished slit index 64 of 192 , chi^2= 0.2827777015864956
34926.47864627838 s; Finished slit index 65 of 192 , chi^2= 0.29484098252437846
35499.63963460922 s; Finished slit index 66 of 192 , chi^2= 0.2982081459619117
36071.004934072495 s; Finished slit index 67 of 192 , chi^2= 0.32524023267473684
36561.521112918854 s; Finished slit index 68 of 192 , chi^2= 0.319747127058716
37152.59658789635 s; Finished slit index 69 of 192 , chi^2= 0.325824644866576
37627.704177856445 s; Finished slit index 70 of 192 , chi^2= 0.291517966726876
38135.091272354126 s; Finished slit index 71 of 192 , chi^2= 0.3272357317901617
38686.40626835823 s; Finished slit index 72 of 192 , chi^2= 0.36304707225549576
39164.13984513283 s; Finished slit index 73 of 192 , chi^2= 0.3619613540753973
39700.10569238663 s; Finished slit index 74 of 192 , chi^2= 0.3623848863259737
40153.79592704773 s; Finished slit index 75 of 192 , chi^2= 0.3562641287412743
40639.511838674545 s; Finished slit index 76 of 192 , chi^2= 0.3447962112404241
41181.00262403488 s; Finished slit index 77 of 192 , chi^2= 0.32317702911737345
41736.6187081337 s; Finished slit index 78 of 192 , chi^2= 0.33537138340844036
42426.0472741127 s; Finished slit index 79 of 192 , chi^2= 0.33666055309133935
43083.72198843956 s; Finished slit index 80 of 192 , chi^2= 0.3599120518086982
43529.13571834564 s; Finished slit index 81 of 192 , chi^2= 0.3907882387002236
44119.51918935776 s; Finished slit index 82 of 192 , chi^2= 0.3731486954784678
44659.971098184586 s; Finished slit index 83 of 192 , chi^2= 0.3827148273186031
45284.093291282654 s; Finished slit index 84 of 192 , chi^2= 0.37308906555711274
45806.30500078201 s; Finished slit index 85 of 192 , chi^2= 0.3416356176834424
46333.657162189484 s; Finished slit index 86 of 192 , chi^2= 0.3495501547398002
46843.05715918541 s; Finished slit index 87 of 192 , chi^2= 0.34977285235026606
47455.349202632904 s; Finished slit index 88 of 192 , chi^2= 0.39256348044841566
48024.40733766556 s; Finished slit index 89 of 192 , chi^2= 0.4029775068639739
48601.540476083755 s; Finished slit index 90 of 192 , chi^2= 0.3782317100228691
49194.36180949211 s; Finished slit index 91 of 192 , chi^2= 0.3401275240929312
49681.295946359634 s; Finished slit index 92 of 192 , chi^2= 0.312040136136706
50180.23815917969 s; Finished slit index 93 of 192 , chi^2= 0.29907116873279194
50727.19018435478 s; Finished slit index 94 of 192 , chi^2= 0.27342462399108175
51202.07932257652 s; Finished slit index 95 of 192 , chi^2= 0.2601371917383272
51671.432792425156 s; Finished slit index 96 of 192 , chi^2= 0.2635799771706833
52051.00918960571 s; Finished slit index 97 of 192 , chi^2= 0.25245718091127134
52440.52938055992 s; Finished slit index 98 of 192 , chi^2= 0.23680508113221768
52821.93682408333 s; Finished slit index 99 of 192 , chi^2= 0.22935727104581366
53234.89159846306 s; Finished slit index 100 of 192 , chi^2= 0.21819526123805613
53666.272015333176 s; Finished slit index 101 of 192 , chi^2= 0.22443404234491365
54196.311903476715 s; Finished slit index 102 of 192 , chi^2= 0.2463402296735917
54697.172667741776 s; Finished slit index 103 of 192 , chi^2= 0.2651562094525575
55237.86678671837 s; Finished slit index 104 of 192 , chi^2= 0.27633959746531295
55754.813656806946 s; Finished slit index 105 of 192 , chi^2= 0.2925342542703477
56293.726383924484 s; Finished slit index 106 of 192 , chi^2= 0.30240332557153815
56801.29013967514 s; Finished slit index 107 of 192 , chi^2= 0.3133272811537715
57385.64430141449 s; Finished slit index 108 of 192 , chi^2= 0.3403332182420626
57995.48396921158 s; Finished slit index 109 of 192 , chi^2= 0.33652335390697874
58480.43293261528 s; Finished slit index 110 of 192 , chi^2= 0.3354849931933149
58944.95284199715 s; Finished slit index 111 of 192 , chi^2= 0.35892715512467255
59591.7627863884 s; Finished slit index 112 of 192 , chi^2= 0.37989067712429225
60171.44766354561 s; Finished slit index 113 of 192 , chi^2= 0.40403394022614403
60776.52697753906 s; Finished slit index 114 of 192 , chi^2= 0.4447935554790872
61448.43375039101 s; Finished slit index 115 of 192 , chi^2= 0.5353981418068159
62020.9457449913 s; Finished slit index 116 of 192 , chi^2= 0.5735718217796439
62748.48094010353 s; Finished slit index 117 of 192 , chi^2= 0.5837424854494622
63398.95458817482 s; Finished slit index 118 of 192 , chi^2= 0.5840065271682724
64122.3813829422 s; Finished slit index 119 of 192 , chi^2= 0.5761464065478638
64485.31344676018 s; Finished slit index 120 of 192 , chi^2= 0.5621199950105904
65234.573724508286 s; Finished slit index 121 of 192 , chi^2= 0.5316457547756817
65769.41081738472 s; Finished slit index 122 of 192 , chi^2= 0.553708289873423
66442.69156551361 s; Finished slit index 123 of 192 , chi^2= 0.5355880295370249
67126.82546281815 s; Finished slit index 124 of 192 , chi^2= 0.4419201947524629
67687.61774134636 s; Finished slit index 125 of 192 , chi^2= 0.4263381141562602
68312.1841597557 s; Finished slit index 126 of 192 , chi^2= 0.4880171040780393
69016.71297574043 s; Finished slit index 127 of 192 , chi^2= 0.4954980295120302
69783.93959736824 s; Finished slit index 128 of 192 , chi^2= 0.47481819508283934
70358.74307894707 s; Finished slit index 129 of 192 , chi^2= 0.44717839800111275
70989.00747656822 s; Finished slit index 130 of 192 , chi^2= 0.40056677989603
71668.92808294296 s; Finished slit index 131 of 192 , chi^2= 0.3571615524001992
72278.74076008797 s; Finished slit index 132 of 192 , chi^2= 0.35228129134408415
72869.80205512047 s; Finished slit index 133 of 192 , chi^2= 0.34355061246900453
73485.46856498718 s; Finished slit index 134 of 192 , chi^2= 0.32041341934273465
74013.17105007172 s; Finished slit index 135 of 192 , chi^2= 0.30673185224459504
74693.75647807121 s; Finished slit index 136 of 192 , chi^2= 0.3105883204051774
75309.73276734352 s; Finished slit index 137 of 192 , chi^2= 0.3110047331799183
75958.86198425293 s; Finished slit index 138 of 192 , chi^2= 0.3135286034621158
76535.45838284492 s; Finished slit index 139 of 192 , chi^2= 0.32030329355050385
77215.8873333931 s; Finished slit index 140 of 192 , chi^2= 0.3551410755415492
77802.0043118 s; Finished slit index 141 of 192 , chi^2= 0.3315013997577001
78384.41118216515 s; Finished slit index 142 of 192 , chi^2= 0.3208099654113433
79007.76361203194 s; Finished slit index 143 of 192 , chi^2= 0.32983837943641003
79538.79156327248 s; Finished slit index 144 of 192 , chi^2= 0.34667881852916826
80137.60983681679 s; Finished slit index 145 of 192 , chi^2= 0.3362184413481343
80568.10909104347 s; Finished slit index 146 of 192 , chi^2= 0.3472534196190546
81199.37815356255 s; Finished slit index 147 of 192 , chi^2= 0.3423758258219785
81929.29967904091 s; Finished slit index 148 of 192 , chi^2= 0.34127427450541453
82455.53813743591 s; Finished slit index 149 of 192 , chi^2= 0.33818350385962853
82918.50538420677 s; Finished slit index 150 of 192 , chi^2= 0.335619656568717
83468.75397515297 s; Finished slit index 151 of 192 , chi^2= 0.4200297368053148
84038.42486715317 s; Finished slit index 152 of 192 , chi^2= 0.3751313227947584
84753.86922502518 s; Finished slit index 153 of 192 , chi^2= 0.3217651530031391
85176.89503097534 s; Finished slit index 154 of 192 , chi^2= 0.29345428904801296
85881.27887940407 s; Finished slit index 155 of 192 , chi^2= 0.31264598532328164
86574.9140355587 s; Finished slit index 156 of 192 , chi^2= 0.30133934977622917
87218.16526293755 s; Finished slit index 157 of 192 , chi^2= 0.28615955012774774
87928.11635494232 s; Finished slit index 158 of 192 , chi^2= 0.31197647178861254
88830.5662522316 s; Finished slit index 159 of 192 , chi^2= 0.29394456055767965
89789.06272411346 s; Finished slit index 160 of 192 , chi^2= 0.2823939103809989
90660.97959542274 s; Finished slit index 161 of 192 , chi^2= 0.2762253829595275
91379.04624295235 s; Finished slit index 162 of 192 , chi^2= 0.26170572744754433
92162.85364842415 s; Finished slit index 163 of 192 , chi^2= 0.2640541358278017
92981.93541312218 s; Finished slit index 164 of 192 , chi^2= 0.25913068416390567
94160.45454216003 s; Finished slit index 165 of 192 , chi^2= 0.2651049260188996
95590.68664073944 s; Finished slit index 166 of 192 , chi^2= 0.258515516735728
96520.65906119347 s; Finished slit index 167 of 192 , chi^2= 0.25315594247485573
97030.79953050613 s; Finished slit index 168 of 192 , chi^2= 0.2518914434204705
97465.44340324402 s; Finished slit index 169 of 192 , chi^2= 0.23666607003486304
98265.44870018959 s; Finished slit index 170 of 192 , chi^2= 0.22900826067822258
98962.2170021534 s; Finished slit index 171 of 192 , chi^2= 0.21349705239582206
99386.73637962341 s; Finished slit index 172 of 192 , chi^2= 0.2104160082722568
99839.00185418129 s; Finished slit index 173 of 192 , chi^2= 0.20400374686407882
100219.87970972061 s; Finished slit index 174 of 192 , chi^2= 0.2220237958640271
100907.75842642784 s; Finished slit index 175 of 192 , chi^2= 0.2075028216595265
101209.14303731918 s; Finished slit index 176 of 192 , chi^2= 0.20372118581738627
101548.32532787323 s; Finished slit index 177 of 192 , chi^2= 0.19330883440887917
101869.4043853283 s; Finished slit index 178 of 192 , chi^2= 0.19177396381430248
102159.20361733437 s; Finished slit index 179 of 192 , chi^2= 0.17903877791612474
102492.81879019737 s; Finished slit index 180 of 192 , chi^2= 0.17580708203195963
102832.91285300255 s; Finished slit index 181 of 192 , chi^2= 0.16988197749583456
103066.9433889389 s; Finished slit index 182 of 192 , chi^2= 0.16975897834577733
103369.49340057373 s; Finished slit index 183 of 192 , chi^2= 0.17205256770853078
103753.60788297653 s; Finished slit index 184 of 192 , chi^2= 0.17753426952993612
104089.45484161377 s; Finished slit index 185 of 192 , chi^2= 0.17367901174082342
104312.1567492485 s; Finished slit index 186 of 192 , chi^2= 0.17550009110135617
104628.85621213913 s; Finished slit index 187 of 192 , chi^2= 0.1824042568412601
104842.74550366402 s; Finished slit index 188 of 192 , chi^2= 0.1851975143681038
105027.94701242447 s; Finished slit index 189 of 192 , chi^2= 0.1926403037014173
105226.35117220879 s; Finished slit index 190 of 192 , chi^2= 0.20445615763726346
105439.37523269653 s; Finished slit index 191 of 192 , chi^2= 0.22303993137503783
0 of 192 0.0
10 of 192 0.0
20 of 192 0.0
30 of 192 0.0
40 of 192 0.0
50 of 192 0.0
60 of 192 0.0
70 of 192 0.0
80 of 192 0.0
90 of 192 0.0
100 of 192 0.0
110 of 192 0.0
120 of 192 0.0
130 of 192 0.0
140 of 192 0.0
150 of 192 0.0
160 of 192 0.0
170 of 192 0.0
180 of 192 0.0
190 of 192 0.0
191 of 192 0.0
Correcting Ne VIII 770 - Peak; ref. wavelength=767.6366184999999
Computing PSF Core:
4.993447823987861 % done after 0.5475761890411377 seconds
9.993792675356922 % done after 1.0914225578308105 seconds
14.99413752672598 % done after 1.6355791091918945 seconds
19.99448237809504 % done after 2.1809561252593994 seconds
24.9948272294641 % done after 2.7261483669281006 seconds
29.99517208083316 % done after 3.2718687057495117 seconds
34.99551693220222 % done after 3.817389726638794 seconds
39.99586178357128 % done after 4.362957954406738 seconds
44.99620663494034 % done after 4.90886378288269 seconds
49.9965514863094 % done after 5.455107688903809 seconds
54.99689633767846 % done after 5.998712062835693 seconds
59.99724118904752 % done after 6.541496753692627 seconds
64.99758604041658 % done after 7.083788633346558 seconds
69.99793089178564 % done after 7.625846862792969 seconds
74.99827574315471 % done after 8.167744874954224 seconds
79.99862059452376 % done after 8.711655378341675 seconds
84.99896544589282 % done after 9.257749080657959 seconds
89.99931029726189 % done after 9.803370237350464 seconds
94.99965514863094 % done after 10.349549293518066 seconds
100.0 % done after 10.897379875183105 seconds
Computing PSF Wings:
4.993447823987861 % done after 0.8198044300079346 seconds
9.993792675356922 % done after 1.6374967098236084 seconds
14.99413752672598 % done after 2.455310106277466 seconds
19.99448237809504 % done after 3.2728002071380615 seconds
24.9948272294641 % done after 4.091290235519409 seconds
29.99517208083316 % done after 4.911834478378296 seconds
34.99551693220222 % done after 5.74283504486084 seconds
39.99586178357128 % done after 6.572321891784668 seconds
44.99620663494034 % done after 7.401603698730469 seconds
49.9965514863094 % done after 8.223905563354492 seconds
54.99689633767846 % done after 9.052423477172852 seconds
59.99724118904752 % done after 9.89114499092102 seconds
64.99758604041658 % done after 10.731859922409058 seconds
69.99793089178564 % done after 11.572806119918823 seconds
74.99827574315471 % done after 12.402199268341064 seconds
79.99862059452376 % done after 13.46733283996582 seconds
84.99896544589282 % done after 14.28825569152832 seconds
89.99931029726189 % done after 15.109452486038208 seconds
94.99965514863094 % done after 15.937055110931396 seconds
100.0 % done after 16.768107891082764 seconds
Computing Symmetric PSF for output:
4.993447823987861 % done after 0.5122501850128174 seconds
9.993792675356922 % done after 1.0244190692901611 seconds
14.99413752672598 % done after 1.5360221862792969 seconds
19.99448237809504 % done after 2.047797441482544 seconds
24.9948272294641 % done after 2.558786153793335 seconds
29.99517208083316 % done after 3.0696842670440674 seconds
34.99551693220222 % done after 3.581197500228882 seconds
39.99586178357128 % done after 4.092349290847778 seconds
44.99620663494034 % done after 4.603432655334473 seconds
49.9965514863094 % done after 5.114848613739014 seconds
54.99689633767846 % done after 5.627851963043213 seconds
59.99724118904752 % done after 6.140052318572998 seconds
64.99758604041658 % done after 6.651859521865845 seconds
69.99793089178564 % done after 7.163875341415405 seconds
74.99827574315471 % done after 7.6767942905426025 seconds
79.99862059452376 % done after 8.189213037490845 seconds
84.99896544589282 % done after 8.700595140457153 seconds
89.99931029726189 % done after 9.215647459030151 seconds
94.99965514863094 % done after 9.732328176498413 seconds
100.0 % done after 10.246670246124268 seconds
Correcting the PSF:
664.1082706451416 s; Finished slit index 0 of 192 , chi^2= 0.294847258771211
1412.11283826828 s; Finished slit index 1 of 192 , chi^2= 0.247293455231453
2071.3524086475372 s; Finished slit index 2 of 192 , chi^2= 0.24893115656472667
2756.182281732559 s; Finished slit index 3 of 192 , chi^2= 0.22971923334456754
3358.645990371704 s; Finished slit index 4 of 192 , chi^2= 0.2345968230881409
3894.301128387451 s; Finished slit index 5 of 192 , chi^2= 0.2522019459369633
4511.689744710922 s; Finished slit index 6 of 192 , chi^2= 0.2452678722835413
4993.35907626152 s; Finished slit index 7 of 192 , chi^2= 0.23095567645712073
5626.158403873444 s; Finished slit index 8 of 192 , chi^2= 0.2291556247756574
6264.670721769333 s; Finished slit index 9 of 192 , chi^2= 0.22468569600356936
6957.740775108337 s; Finished slit index 10 of 192 , chi^2= 0.224894324473341
7520.746913194656 s; Finished slit index 11 of 192 , chi^2= 0.21386232083380302
8159.862567424774 s; Finished slit index 12 of 192 , chi^2= 0.21567394458248224
8749.415030002594 s; Finished slit index 13 of 192 , chi^2= 0.20921001826856245
9288.917354822159 s; Finished slit index 14 of 192 , chi^2= 0.20319609831766508
9874.734709739685 s; Finished slit index 15 of 192 , chi^2= 0.20632672442128183
10480.900202274323 s; Finished slit index 16 of 192 , chi^2= 0.20547932050543782
10976.99087524414 s; Finished slit index 17 of 192 , chi^2= 0.19710149825303633
11579.021729946136 s; Finished slit index 18 of 192 , chi^2= 0.19347378331447315
12142.51414680481 s; Finished slit index 19 of 192 , chi^2= 0.20119839853584495
12716.85951590538 s; Finished slit index 20 of 192 , chi^2= 0.21139666550277111
13245.976027011871 s; Finished slit index 21 of 192 , chi^2= 0.20800659703857338
13972.725726366043 s; Finished slit index 22 of 192 , chi^2= 0.21998881445621749
14521.75051164627 s; Finished slit index 23 of 192 , chi^2= 0.21638846337064777
15149.70963358879 s; Finished slit index 24 of 192 , chi^2= 0.2167974631230183
15839.801518440247 s; Finished slit index 25 of 192 , chi^2= 0.21104428242773998
16358.81846857071 s; Finished slit index 26 of 192 , chi^2= 0.200184276661445
16919.39067053795 s; Finished slit index 27 of 192 , chi^2= 0.20126317845377426
17426.86932516098 s; Finished slit index 28 of 192 , chi^2= 0.19069112650631506
17784.787320137024 s; Finished slit index 29 of 192 , chi^2= 0.21244247578541783
18199.104209661484 s; Finished slit index 30 of 192 , chi^2= 0.1943263718532808
18852.86279439926 s; Finished slit index 31 of 192 , chi^2= 0.1983147402990756
19374.674526929855 s; Finished slit index 32 of 192 , chi^2= 0.19100525256875897
19934.435108184814 s; Finished slit index 33 of 192 , chi^2= 0.19519194703217568
20382.339535713196 s; Finished slit index 34 of 192 , chi^2= 0.19518121617582754
20841.643081903458 s; Finished slit index 35 of 192 , chi^2= 0.2059933523337317
21424.152300834656 s; Finished slit index 36 of 192 , chi^2= 0.19845644421924247
21709.82672047615 s; Finished slit index 37 of 192 , chi^2= 0.18862583920565795
22245.262431383133 s; Finished slit index 38 of 192 , chi^2= 0.19926766053920641
22649.375035762787 s; Finished slit index 39 of 192 , chi^2= 0.19469256755111344
23101.6291847229 s; Finished slit index 40 of 192 , chi^2= 0.18554559528785444
23543.516011953354 s; Finished slit index 41 of 192 , chi^2= 0.19169121857330498
23925.01572418213 s; Finished slit index 42 of 192 , chi^2= 0.18739162586364658
24287.99014210701 s; Finished slit index 43 of 192 , chi^2= 0.19642176657120894
24553.276741743088 s; Finished slit index 44 of 192 , chi^2= 0.19859694758200835
24995.182903289795 s; Finished slit index 45 of 192 , chi^2= 0.21782477107182427
25496.173958539963 s; Finished slit index 46 of 192 , chi^2= 0.24160030974143692
25882.234780311584 s; Finished slit index 47 of 192 , chi^2= 0.24025880912503608
26587.758313655853 s; Finished slit index 48 of 192 , chi^2= 0.2319765774308094
27024.721755504608 s; Finished slit index 49 of 192 , chi^2= 0.2394047750141675
27765.754407644272 s; Finished slit index 50 of 192 , chi^2= 0.241246344681093
28446.840354204178 s; Finished slit index 51 of 192 , chi^2= 0.23795068068040162
28966.991168498993 s; Finished slit index 52 of 192 , chi^2= 0.25999370490612556
29548.37212371826 s; Finished slit index 53 of 192 , chi^2= 0.27528626121175326
30150.80268907547 s; Finished slit index 54 of 192 , chi^2= 0.2774215986499015
30673.948132753372 s; Finished slit index 55 of 192 , chi^2= 0.261067097833157
31296.710384607315 s; Finished slit index 56 of 192 , chi^2= 0.2785189431215604
31871.861110925674 s; Finished slit index 57 of 192 , chi^2= 0.27980822076412004
32476.298285484314 s; Finished slit index 58 of 192 , chi^2= 0.28234285034131273
33055.94983577728 s; Finished slit index 59 of 192 , chi^2= 0.2835470956964095
33638.269512176514 s; Finished slit index 60 of 192 , chi^2= 0.29074372878867927
34191.20546889305 s; Finished slit index 61 of 192 , chi^2= 0.2985400692024383
34789.926218271255 s; Finished slit index 62 of 192 , chi^2= 0.2976319368999491
35392.45346355438 s; Finished slit index 63 of 192 , chi^2= 0.28220500128377685
35870.966433525085 s; Finished slit index 64 of 192 , chi^2= 0.2706693875645866
36516.23064947128 s; Finished slit index 65 of 192 , chi^2= 0.28226046111099456
36993.25809311867 s; Finished slit index 66 of 192 , chi^2= 0.28558639921801043
37471.25065898895 s; Finished slit index 67 of 192 , chi^2= 0.31077963445197737
37963.58606529236 s; Finished slit index 68 of 192 , chi^2= 0.3056092117208137
38433.980578660965 s; Finished slit index 69 of 192 , chi^2= 0.3120573607583048
38984.213862895966 s; Finished slit index 70 of 192 , chi^2= 0.28136484600502243
39485.74292755127 s; Finished slit index 71 of 192 , chi^2= 0.3124825703542308
40081.92209649086 s; Finished slit index 72 of 192 , chi^2= 0.34528383997344303
40719.314494371414 s; Finished slit index 73 of 192 , chi^2= 0.3449998946402712
41361.96181035042 s; Finished slit index 74 of 192 , chi^2= 0.34536314297663695
41916.09637641907 s; Finished slit index 75 of 192 , chi^2= 0.3392381654395363
42365.82455635071 s; Finished slit index 76 of 192 , chi^2= 0.3290186240204712
42948.96197414398 s; Finished slit index 77 of 192 , chi^2= 0.3089934809171676
43316.14813899994 s; Finished slit index 78 of 192 , chi^2= 0.31981697756531147
43934.78983950615 s; Finished slit index 79 of 192 , chi^2= 0.3199764847127397
44504.82588481903 s; Finished slit index 80 of 192 , chi^2= 0.3414681382258595
45117.870696783066 s; Finished slit index 81 of 192 , chi^2= 0.37110002002152237
45733.86764836311 s; Finished slit index 82 of 192 , chi^2= 0.35473525909092946
46211.502917289734 s; Finished slit index 83 of 192 , chi^2= 0.36377524532435385
46800.14941930771 s; Finished slit index 84 of 192 , chi^2= 0.3548527522372052
47397.306560754776 s; Finished slit index 85 of 192 , chi^2= 0.32517165930897585
47957.562420368195 s; Finished slit index 86 of 192 , chi^2= 0.3331706111973518
48583.91764140129 s; Finished slit index 87 of 192 , chi^2= 0.3337329225310205
49242.32571601868 s; Finished slit index 88 of 192 , chi^2= 0.3729318083230831
49843.32670998573 s; Finished slit index 89 of 192 , chi^2= 0.38175703686890383
50387.576907873154 s; Finished slit index 90 of 192 , chi^2= 0.3593453288337243
50982.76727390289 s; Finished slit index 91 of 192 , chi^2= 0.32467970573300936
51500.84644007683 s; Finished slit index 92 of 192 , chi^2= 0.2986380042612201
51991.408680438995 s; Finished slit index 93 of 192 , chi^2= 0.2866169362106667
52458.333981990814 s; Finished slit index 94 of 192 , chi^2= 0.26305937929601314
53007.06582045555 s; Finished slit index 95 of 192 , chi^2= 0.2526533177775239
53549.883798360825 s; Finished slit index 96 of 192 , chi^2= 0.2551367060298922
54018.44813251495 s; Finished slit index 97 of 192 , chi^2= 0.2432323350645324
54495.5710208416 s; Finished slit index 98 of 192 , chi^2= 0.230300795902213
54994.90108680725 s; Finished slit index 99 of 192 , chi^2= 0.2218773692786465
55567.02811932564 s; Finished slit index 100 of 192 , chi^2= 0.21112276436282687
56051.24658846855 s; Finished slit index 101 of 192 , chi^2= 0.21704650365345682
56601.49524140358 s; Finished slit index 102 of 192 , chi^2= 0.23971365664366429
57066.466884851456 s; Finished slit index 103 of 192 , chi^2= 0.2548007257022029
57527.733550071716 s; Finished slit index 104 of 192 , chi^2= 0.26567885589042156
58148.06272602081 s; Finished slit index 105 of 192 , chi^2= 0.2802219964410407
58717.003613233566 s; Finished slit index 106 of 192 , chi^2= 0.28964976833936434
59225.025772571564 s; Finished slit index 107 of 192 , chi^2= 0.29970204070776163
59711.432343006134 s; Finished slit index 108 of 192 , chi^2= 0.32420381669206905
60247.040486097336 s; Finished slit index 109 of 192 , chi^2= 0.3213291674760995
60795.7618329525 s; Finished slit index 110 of 192 , chi^2= 0.3196210339806246
61333.51157999039 s; Finished slit index 111 of 192 , chi^2= 0.34069247396643854
61880.56631612778 s; Finished slit index 112 of 192 , chi^2= 0.3599434125613473
62423.796983242035 s; Finished slit index 113 of 192 , chi^2= 0.38281864225707835
63035.61801600456 s; Finished slit index 114 of 192 , chi^2= 0.42002609196159507
63799.786680459976 s; Finished slit index 115 of 192 , chi^2= 0.5071831115595223
64754.36157178879 s; Finished slit index 116 of 192 , chi^2= 0.5434188449239018
65601.79043126106 s; Finished slit index 117 of 192 , chi^2= 0.5481977812738866
66083.42062330246 s; Finished slit index 118 of 192 , chi^2= 0.5491896287531505
66524.0542087555 s; Finished slit index 119 of 192 , chi^2= 0.5415668731681905
67267.51434254646 s; Finished slit index 120 of 192 , chi^2= 0.5323501599619949
68209.1581120491 s; Finished slit index 121 of 192 , chi^2= 0.5033507978850893
69020.13950419426 s; Finished slit index 122 of 192 , chi^2= 0.5232517141075332
69829.6236281395 s; Finished slit index 123 of 192 , chi^2= 0.5054901289935391
70592.66518998146 s; Finished slit index 124 of 192 , chi^2= 0.41863220134620877
71370.9668328762 s; Finished slit index 125 of 192 , chi^2= 0.40334090860127475
72130.37027907372 s; Finished slit index 126 of 192 , chi^2= 0.4628194536181461
72835.82972121239 s; Finished slit index 127 of 192 , chi^2= 0.46941795736848696
73690.2228217125 s; Finished slit index 128 of 192 , chi^2= 0.4506748965059999
74355.11000418663 s; Finished slit index 129 of 192 , chi^2= 0.4249816439015742
74905.35822987556 s; Finished slit index 130 of 192 , chi^2= 0.38079079261013965
75615.71131873131 s; Finished slit index 131 of 192 , chi^2= 0.3404961716247712
76269.11813521385 s; Finished slit index 132 of 192 , chi^2= 0.336200302174584
76919.11918592453 s; Finished slit index 133 of 192 , chi^2= 0.3277639270299934
77522.99144053459 s; Finished slit index 134 of 192 , chi^2= 0.30593866921043256
78168.9615252018 s; Finished slit index 135 of 192 , chi^2= 0.2934671331532808
78756.81928563118 s; Finished slit index 136 of 192 , chi^2= 0.2971331536215036
79422.14473414421 s; Finished slit index 137 of 192 , chi^2= 0.2975803094756753
80093.85046243668 s; Finished slit index 138 of 192 , chi^2= 0.2993002497194809
80747.54560160637 s; Finished slit index 139 of 192 , chi^2= 0.30517084962533575
81420.79058599472 s; Finished slit index 140 of 192 , chi^2= 0.3375898207395636
82014.73076987267 s; Finished slit index 141 of 192 , chi^2= 0.3152104561633937
82483.45877313614 s; Finished slit index 142 of 192 , chi^2= 0.3058037701319872
83081.46268367767 s; Finished slit index 143 of 192 , chi^2= 0.315023392009529
83543.91988778114 s; Finished slit index 144 of 192 , chi^2= 0.330160617795992
83937.4583864212 s; Finished slit index 145 of 192 , chi^2= 0.32077415773753226
84543.335968256 s; Finished slit index 146 of 192 , chi^2= 0.3315125809154778
85001.27166104317 s; Finished slit index 147 of 192 , chi^2= 0.32692583418863047
85526.6224462986 s; Finished slit index 148 of 192 , chi^2= 0.3261099295355998
86074.68482422829 s; Finished slit index 149 of 192 , chi^2= 0.32302334741874633
86682.17452526093 s; Finished slit index 150 of 192 , chi^2= 0.3205248537773157
87139.69188761711 s; Finished slit index 151 of 192 , chi^2= 0.3982953907788452
87785.05030417442 s; Finished slit index 152 of 192 , chi^2= 0.35637630393917014
88550.67175340652 s; Finished slit index 153 of 192 , chi^2= 0.3080783358790688
88914.60575938225 s; Finished slit index 154 of 192 , chi^2= 0.2811945309378065
89213.52130103111 s; Finished slit index 155 of 192 , chi^2= 0.2994679110484134
90080.1943154335 s; Finished slit index 156 of 192 , chi^2= 0.28907663815369977
90937.47183322906 s; Finished slit index 157 of 192 , chi^2= 0.27480141984816614
91809.97786331177 s; Finished slit index 158 of 192 , chi^2= 0.29959757952539817
92681.94196510315 s; Finished slit index 159 of 192 , chi^2= 0.2817164157233331
93505.59109568596 s; Finished slit index 160 of 192 , chi^2= 0.2712833934110111
94236.27942347527 s; Finished slit index 161 of 192 , chi^2= 0.2660981545448822
94948.44563412666 s; Finished slit index 162 of 192 , chi^2= 0.25232947244751436
95662.0423977375 s; Finished slit index 163 of 192 , chi^2= 0.25440562680578094
95942.45844697952 s; Finished slit index 164 of 192 , chi^2= 0.25014877673136865
96694.35001969337 s; Finished slit index 165 of 192 , chi^2= 0.25518345562709577
97537.27492451668 s; Finished slit index 166 of 192 , chi^2= 0.24923904743779862
97914.81035017967 s; Finished slit index 167 of 192 , chi^2= 0.2439245909146956
98460.21813035011 s; Finished slit index 168 of 192 , chi^2= 0.2428720892820325
98826.18366861343 s; Finished slit index 169 of 192 , chi^2= 0.2286957604580117
99214.80186605453 s; Finished slit index 170 of 192 , chi^2= 0.22156868039077385
99786.24777245522 s; Finished slit index 171 of 192 , chi^2= 0.20918168521377964
100368.44173622131 s; Finished slit index 172 of 192 , chi^2= 0.20723525161039164
100807.21859693527 s; Finished slit index 173 of 192 , chi^2= 0.20045888913644477
101218.64994263649 s; Finished slit index 174 of 192 , chi^2= 0.2166121067154768
101607.48770737648 s; Finished slit index 175 of 192 , chi^2= 0.20165793077711014
102038.40642762184 s; Finished slit index 176 of 192 , chi^2= 0.19823524953682428
102479.03423023224 s; Finished slit index 177 of 192 , chi^2= 0.19108879075450036
102851.19498562813 s; Finished slit index 178 of 192 , chi^2= 0.19016035519649568
103149.6822078228 s; Finished slit index 179 of 192 , chi^2= 0.17513338885450216
103473.75188231468 s; Finished slit index 180 of 192 , chi^2= 0.17227402449270993
103798.09784722328 s; Finished slit index 181 of 192 , chi^2= 0.16950280565918457
104147.27481174469 s; Finished slit index 182 of 192 , chi^2= 0.16683085183023752
104374.55020189285 s; Finished slit index 183 of 192 , chi^2= 0.1681511913388124
104605.72449874878 s; Finished slit index 184 of 192 , chi^2= 0.17670590831883504
104830.99504733086 s; Finished slit index 185 of 192 , chi^2= 0.17038210149135777
104988.896682024 s; Finished slit index 186 of 192 , chi^2= 0.17277598557241286
105201.49005532265 s; Finished slit index 187 of 192 , chi^2= 0.1787683115731857
105387.7139801979 s; Finished slit index 188 of 192 , chi^2= 0.18149223969370304
105528.83407783508 s; Finished slit index 189 of 192 , chi^2= 0.18865107536321654
105668.44279193878 s; Finished slit index 190 of 192 , chi^2= 0.19916482474965364
105773.26581025124 s; Finished slit index 191 of 192 , chi^2= 0.21619666395246492
0 of 192 0.0
10 of 192 0.0
20 of 192 0.0
30 of 192 0.0
40 of 192 0.0
50 of 192 0.0
60 of 192 0.0
70 of 192 0.0
80 of 192 0.0
90 of 192 0.0
100 of 192 0.0
110 of 192 0.0
120 of 192 0.0
130 of 192 0.0
140 of 192 0.0
150 of 192 0.0
160 of 192 0.0
170 of 192 0.0
180 of 192 0.0
190 of 192 0.0
191 of 192 0.0
Correcting Ne VIII 770 - Peak; ref. wavelength=767.6366184999999
Computing PSF Core:
4.993447823987861 % done after 0.8150506019592285 seconds
9.993792675356922 % done after 1.6281144618988037 seconds
14.99413752672598 % done after 2.440396785736084 seconds
19.99448237809504 % done after 3.2540042400360107 seconds
24.9948272294641 % done after 4.070577383041382 seconds
29.99517208083316 % done after 4.8928234577178955 seconds
34.99551693220222 % done after 5.715886831283569 seconds
39.99586178357128 % done after 6.547910451889038 seconds
44.99620663494034 % done after 7.566093921661377 seconds
49.9965514863094 % done after 8.393419742584229 seconds
54.99689633767846 % done after 9.214089393615723 seconds
59.99724118904752 % done after 10.026432037353516 seconds
64.99758604041658 % done after 10.848684072494507 seconds
69.99793089178564 % done after 11.669517278671265 seconds
74.99827574315471 % done after 12.504444599151611 seconds
79.99862059452376 % done after 13.339608430862427 seconds
84.99896544589282 % done after 14.325462102890015 seconds
89.99931029726189 % done after 15.137595415115356 seconds
94.99965514863094 % done after 15.949505090713501 seconds
100.0 % done after 16.76664710044861 seconds
Computing PSF Wings:
4.993447823987861 % done after 1.210810661315918 seconds
9.993792675356922 % done after 2.4442336559295654 seconds
14.99413752672598 % done after 3.6456825733184814 seconds
19.99448237809504 % done after 4.876663446426392 seconds
24.9948272294641 % done after 6.0962042808532715 seconds
29.99517208083316 % done after 7.297987699508667 seconds
34.99551693220222 % done after 8.50037693977356 seconds
39.99586178357128 % done after 9.70234727859497 seconds
44.99620663494034 % done after 10.887277126312256 seconds
49.9965514863094 % done after 12.343138694763184 seconds
54.99689633767846 % done after 13.521873712539673 seconds
59.99724118904752 % done after 14.699975728988647 seconds
64.99758604041658 % done after 15.877422571182251 seconds
69.99793089178564 % done after 17.053955078125 seconds
74.99827574315471 % done after 18.23096752166748 seconds
79.99862059452376 % done after 19.408477544784546 seconds
84.99896544589282 % done after 20.586201190948486 seconds
89.99931029726189 % done after 21.763429403305054 seconds
94.99965514863094 % done after 23.221696615219116 seconds
100.0 % done after 24.403459548950195 seconds
Computing Symmetric PSF for output:
4.993447823987861 % done after 0.5157120227813721 seconds
9.993792675356922 % done after 1.0298094749450684 seconds
14.99413752672598 % done after 1.5442872047424316 seconds
19.99448237809504 % done after 2.059410572052002 seconds
24.9948272294641 % done after 2.5746054649353027 seconds
29.99517208083316 % done after 3.089508533477783 seconds
34.99551693220222 % done after 3.6042966842651367 seconds
39.99586178357128 % done after 4.119015693664551 seconds
44.99620663494034 % done after 4.632701396942139 seconds
49.9965514863094 % done after 5.145693063735962 seconds
54.99689633767846 % done after 5.659188508987427 seconds
59.99724118904752 % done after 6.174043655395508 seconds
64.99758604041658 % done after 6.688648462295532 seconds
69.99793089178564 % done after 7.202449321746826 seconds
74.99827574315471 % done after 7.71622109413147 seconds
79.99862059452376 % done after 8.230740785598755 seconds
84.99896544589282 % done after 8.744647741317749 seconds
89.99931029726189 % done after 9.257937908172607 seconds
94.99965514863094 % done after 9.771187782287598 seconds
100.0 % done after 10.285142183303833 seconds
Correcting the PSF:
529.6439809799194 s; Finished slit index 0 of 192 , chi^2= 0.3642710220965258
1031.4288156032562 s; Finished slit index 1 of 192 , chi^2= 0.31594321562808203
1568.5839700698853 s; Finished slit index 2 of 192 , chi^2= 0.32348205287271853
2073.4837894439697 s; Finished slit index 3 of 192 , chi^2= 0.29701629057092827
2548.908581972122 s; Finished slit index 4 of 192 , chi^2= 0.2991109768798244
3078.4649686813354 s; Finished slit index 5 of 192 , chi^2= 0.31845686401172313
3663.8914380073547 s; Finished slit index 6 of 192 , chi^2= 0.2989385093737601
4245.627634048462 s; Finished slit index 7 of 192 , chi^2= 0.2945448438841177
4747.752736568451 s; Finished slit index 8 of 192 , chi^2= 0.29498134075276833
5198.1416029930115 s; Finished slit index 9 of 192 , chi^2= 0.29848543775228836
5756.923828601837 s; Finished slit index 10 of 192 , chi^2= 0.28462928381758623
6234.128090620041 s; Finished slit index 11 of 192 , chi^2= 0.26955706500055393
6839.337777376175 s; Finished slit index 12 of 192 , chi^2= 0.2673472403096491
7387.968464136124 s; Finished slit index 13 of 192 , chi^2= 0.2516838486580813
7844.126608133316 s; Finished slit index 14 of 192 , chi^2= 0.2493036504085839
8361.9351978302 s; Finished slit index 15 of 192 , chi^2= 0.2484777018209612
8846.883194446564 s; Finished slit index 16 of 192 , chi^2= 0.2437609589353074
9281.232180833817 s; Finished slit index 17 of 192 , chi^2= 0.24072170876921134
9678.968250989914 s; Finished slit index 18 of 192 , chi^2= 0.23720377683060226
10291.231462717056 s; Finished slit index 19 of 192 , chi^2= 0.24961492201230748
10836.379598140717 s; Finished slit index 20 of 192 , chi^2= 0.26822297447989835
11357.83605670929 s; Finished slit index 21 of 192 , chi^2= 0.25861852671572255
11896.645008325577 s; Finished slit index 22 of 192 , chi^2= 0.26972298767059594
12521.782391309738 s; Finished slit index 23 of 192 , chi^2= 0.27432316120793326
13063.389383077621 s; Finished slit index 24 of 192 , chi^2= 0.27086767284402746
13656.746955633163 s; Finished slit index 25 of 192 , chi^2= 0.26292237387929807
14191.38315987587 s; Finished slit index 26 of 192 , chi^2= 0.2536432875422082
14810.769452095032 s; Finished slit index 27 of 192 , chi^2= 0.24832157721591275
15290.431664943695 s; Finished slit index 28 of 192 , chi^2= 0.23264891783028716
15801.492105960846 s; Finished slit index 29 of 192 , chi^2= 0.2677398205682564
16305.25175356865 s; Finished slit index 30 of 192 , chi^2= 0.24272648488193632
16782.305534124374 s; Finished slit index 31 of 192 , chi^2= 0.257740818888831
17311.59392809868 s; Finished slit index 32 of 192 , chi^2= 0.24714965864565075
17707.39176440239 s; Finished slit index 33 of 192 , chi^2= 0.2528358607732981
18161.09985613823 s; Finished slit index 34 of 192 , chi^2= 0.24798757136697766
18593.16246986389 s; Finished slit index 35 of 192 , chi^2= 0.2694674235244093
19015.74158167839 s; Finished slit index 36 of 192 , chi^2= 0.2564821956661791
19432.15868973732 s; Finished slit index 37 of 192 , chi^2= 0.25542186135809525
19976.84335207939 s; Finished slit index 38 of 192 , chi^2= 0.2548290794267082
20522.68445277214 s; Finished slit index 39 of 192 , chi^2= 0.2467674558264337
20947.254252433777 s; Finished slit index 40 of 192 , chi^2= 0.2507011352820205
21492.68658876419 s; Finished slit index 41 of 192 , chi^2= 0.25617208823440896
21899.891782045364 s; Finished slit index 42 of 192 , chi^2= 0.24456942406328974
22342.14620614052 s; Finished slit index 43 of 192 , chi^2= 0.25297669073469053
22945.563974380493 s; Finished slit index 44 of 192 , chi^2= 0.25243387305996073
23566.558302402496 s; Finished slit index 45 of 192 , chi^2= 0.2821928683288342
24104.57173728943 s; Finished slit index 46 of 192 , chi^2= 0.3075086216702301
24540.702226877213 s; Finished slit index 47 of 192 , chi^2= 0.303063700080622
24950.539761304855 s; Finished slit index 48 of 192 , chi^2= 0.29681528975307947
25477.947671175003 s; Finished slit index 49 of 192 , chi^2= 0.30177868659168977
25928.208861112595 s; Finished slit index 50 of 192 , chi^2= 0.30498237000355966
26479.520298719406 s; Finished slit index 51 of 192 , chi^2= 0.29381098840931164
26954.015968322754 s; Finished slit index 52 of 192 , chi^2= 0.3283429087802499
27560.354108333588 s; Finished slit index 53 of 192 , chi^2= 0.3451319635473022
28086.53482079506 s; Finished slit index 54 of 192 , chi^2= 0.34367105230085593
28789.138272047043 s; Finished slit index 55 of 192 , chi^2= 0.32055722052419633
29412.571512699127 s; Finished slit index 56 of 192 , chi^2= 0.3569367532460214
30018.103570222855 s; Finished slit index 57 of 192 , chi^2= 0.3558728434758141
30597.61376261711 s; Finished slit index 58 of 192 , chi^2= 0.36066599752595235
31188.60238981247 s; Finished slit index 59 of 192 , chi^2= 0.3558075761706217
31799.38941884041 s; Finished slit index 60 of 192 , chi^2= 0.36614876686502107
32384.383101940155 s; Finished slit index 61 of 192 , chi^2= 0.37466503115659994
33017.648535490036 s; Finished slit index 62 of 192 , chi^2= 0.3723039239843824
33459.21832704544 s; Finished slit index 63 of 192 , chi^2= 0.35642649552735395
33947.28688311577 s; Finished slit index 64 of 192 , chi^2= 0.3417827371209112
34437.278052568436 s; Finished slit index 65 of 192 , chi^2= 0.35762400781960907
34890.52718663216 s; Finished slit index 66 of 192 , chi^2= 0.35992101044029967
35357.462973833084 s; Finished slit index 67 of 192 , chi^2= 0.3914445921332478
35796.304913043976 s; Finished slit index 68 of 192 , chi^2= 0.385592238973013
36410.24381184578 s; Finished slit index 69 of 192 , chi^2= 0.3992441309867327
36809.35682177544 s; Finished slit index 70 of 192 , chi^2= 0.35063854740751843
37382.45977687836 s; Finished slit index 71 of 192 , chi^2= 0.3920953773618322
37934.61725640297 s; Finished slit index 72 of 192 , chi^2= 0.4466001682428656
38555.501224040985 s; Finished slit index 73 of 192 , chi^2= 0.4394426509137506
39256.110390901566 s; Finished slit index 74 of 192 , chi^2= 0.4408286740439053
39878.21429824829 s; Finished slit index 75 of 192 , chi^2= 0.43129106156594393
40466.15410757065 s; Finished slit index 76 of 192 , chi^2= 0.41999507957190946
41020.412002801895 s; Finished slit index 77 of 192 , chi^2= 0.3864052253412348
41503.5270652771 s; Finished slit index 78 of 192 , chi^2= 0.4003537536268793
42085.9670624733 s; Finished slit index 79 of 192 , chi^2= 0.405535984499859
42716.95934319496 s; Finished slit index 80 of 192 , chi^2= 0.43528224972076573
43323.089381456375 s; Finished slit index 81 of 192 , chi^2= 0.4747700014084358
43949.25159740448 s; Finished slit index 82 of 192 , chi^2= 0.4592422996254778
44563.28294920921 s; Finished slit index 83 of 192 , chi^2= 0.4699020734525084
45228.27055096626 s; Finished slit index 84 of 192 , chi^2= 0.45841373519274015
45686.224783182144 s; Finished slit index 85 of 192 , chi^2= 0.4179583581612299
46152.9290060997 s; Finished slit index 86 of 192 , chi^2= 0.43012106737322026
46743.241074085236 s; Finished slit index 87 of 192 , chi^2= 0.4297207765228671
47459.30279994011 s; Finished slit index 88 of 192 , chi^2= 0.47997828030352596
48188.938254356384 s; Finished slit index 89 of 192 , chi^2= 0.4952970438173914
48816.40039730072 s; Finished slit index 90 of 192 , chi^2= 0.46699012412239344
49371.72108387947 s; Finished slit index 91 of 192 , chi^2= 0.42176267910582976
50034.357399225235 s; Finished slit index 92 of 192 , chi^2= 0.3859668380651982
50494.56222939491 s; Finished slit index 93 of 192 , chi^2= 0.3732377705212132
50987.49137330055 s; Finished slit index 94 of 192 , chi^2= 0.33957170144134696
51555.637100696564 s; Finished slit index 95 of 192 , chi^2= 0.3167757458878048
52044.43255567551 s; Finished slit index 96 of 192 , chi^2= 0.3220546283518251
52476.55051279068 s; Finished slit index 97 of 192 , chi^2= 0.3071326662415208
52921.17841601372 s; Finished slit index 98 of 192 , chi^2= 0.2945723968540576
53429.93444132805 s; Finished slit index 99 of 192 , chi^2= 0.28077320705854786
53961.11469364166 s; Finished slit index 100 of 192 , chi^2= 0.26465730804353094
54393.29153418541 s; Finished slit index 101 of 192 , chi^2= 0.26918368124427833
54917.067133426666 s; Finished slit index 102 of 192 , chi^2= 0.29447074840530996
55432.6140062809 s; Finished slit index 103 of 192 , chi^2= 0.30929151877240835
55942.330199718475 s; Finished slit index 104 of 192 , chi^2= 0.32945163567954866
56544.565860033035 s; Finished slit index 105 of 192 , chi^2= 0.34322273856571284
57174.71562290192 s; Finished slit index 106 of 192 , chi^2= 0.35545293290929475
57675.89965605736 s; Finished slit index 107 of 192 , chi^2= 0.3694101214322838
58258.45568919182 s; Finished slit index 108 of 192 , chi^2= 0.40421106486105735
58793.68304181099 s; Finished slit index 109 of 192 , chi^2= 0.4026139678744182
59300.153004169464 s; Finished slit index 110 of 192 , chi^2= 0.39906774332665396
59902.74054503441 s; Finished slit index 111 of 192 , chi^2= 0.4285313829658654
60403.149868011475 s; Finished slit index 112 of 192 , chi^2= 0.45298485320105836
61017.13808178902 s; Finished slit index 113 of 192 , chi^2= 0.4848022144045104
61811.71903038025 s; Finished slit index 114 of 192 , chi^2= 0.5386793753474844
62483.177973508835 s; Finished slit index 115 of 192 , chi^2= 0.653652999682936
63358.90712761879 s; Finished slit index 116 of 192 , chi^2= 0.7068265040242464
64109.98989009857 s; Finished slit index 117 of 192 , chi^2= 0.73584072314732
64686.73732686043 s; Finished slit index 118 of 192 , chi^2= 0.7402606887970263
65378.99476647377 s; Finished slit index 119 of 192 , chi^2= 0.730150862135348
66374.79537177086 s; Finished slit index 120 of 192 , chi^2= 0.6953464445791611
67130.50688457489 s; Finished slit index 121 of 192 , chi^2= 0.6606085086185899
67753.76136231422 s; Finished slit index 122 of 192 , chi^2= 0.6837744663094949
68643.05916404724 s; Finished slit index 123 of 192 , chi^2= 0.6559041015931744
69306.40053319931 s; Finished slit index 124 of 192 , chi^2= 0.5454102621500719
70072.99978709221 s; Finished slit index 125 of 192 , chi^2= 0.5270277623174365
70821.9040415287 s; Finished slit index 126 of 192 , chi^2= 0.6148188502507878
71562.30138874054 s; Finished slit index 127 of 192 , chi^2= 0.6139589034710028
72281.92267656326 s; Finished slit index 128 of 192 , chi^2= 0.5863000715596597
72988.45175647736 s; Finished slit index 129 of 192 , chi^2= 0.5485882426939539
73674.96592020988 s; Finished slit index 130 of 192 , chi^2= 0.4905012597589899
74429.3420073986 s; Finished slit index 131 of 192 , chi^2= 0.43911939735899147
75126.71036028862 s; Finished slit index 132 of 192 , chi^2= 0.4305045148487818
75701.79047679901 s; Finished slit index 133 of 192 , chi^2= 0.4136175618586135
76377.18370366096 s; Finished slit index 134 of 192 , chi^2= 0.3934379259351963
77009.32769680023 s; Finished slit index 135 of 192 , chi^2= 0.37421232669666754
77663.03855466843 s; Finished slit index 136 of 192 , chi^2= 0.3705420325105439
78389.08362364769 s; Finished slit index 137 of 192 , chi^2= 0.37514645529570617
79084.5069334507 s; Finished slit index 138 of 192 , chi^2= 0.38461438159929706
79678.86387467384 s; Finished slit index 139 of 192 , chi^2= 0.38522051516433925
80432.4829697609 s; Finished slit index 140 of 192 , chi^2= 0.4316161023595851
81032.53065371513 s; Finished slit index 141 of 192 , chi^2= 0.40011530043073795
81651.59788513184 s; Finished slit index 142 of 192 , chi^2= 0.39235455980235373
82288.43154335022 s; Finished slit index 143 of 192 , chi^2= 0.40850365218689505
83035.72108411789 s; Finished slit index 144 of 192 , chi^2= 0.4213285016461988
83665.82656526566 s; Finished slit index 145 of 192 , chi^2= 0.40193094983685046
84134.93923211098 s; Finished slit index 146 of 192 , chi^2= 0.42206691643865923
84719.22857999802 s; Finished slit index 147 of 192 , chi^2= 0.41547826823729533
85298.39912629128 s; Finished slit index 148 of 192 , chi^2= 0.4213543116033222
85906.27938103676 s; Finished slit index 149 of 192 , chi^2= 0.41472685125911424
86631.64509701729 s; Finished slit index 150 of 192 , chi^2= 0.41482582771956183
87208.64002490044 s; Finished slit index 151 of 192 , chi^2= 0.5429197461437487
87857.86307358742 s; Finished slit index 152 of 192 , chi^2= 0.47484311008443786
88774.65947818756 s; Finished slit index 153 of 192 , chi^2= 0.40434549729253205
89766.32536673546 s; Finished slit index 154 of 192 , chi^2= 0.360511646415491
90722.73190999031 s; Finished slit index 155 of 192 , chi^2= 0.3855544819299451
91341.06503772736 s; Finished slit index 156 of 192 , chi^2= 0.37614030929317815
92152.02372407913 s; Finished slit index 157 of 192 , chi^2= 0.35539804058604757
93032.24665546417 s; Finished slit index 158 of 192 , chi^2= 0.4037162761502546
93784.63505363464 s; Finished slit index 159 of 192 , chi^2= 0.3699276295035263
94421.12826037407 s; Finished slit index 160 of 192 , chi^2= 0.35214632815873576
95080.03298044205 s; Finished slit index 161 of 192 , chi^2= 0.3549703255095492
95671.05518746376 s; Finished slit index 162 of 192 , chi^2= 0.32574469779249965
96096.63105344772 s; Finished slit index 163 of 192 , chi^2= 0.323815804476191
96496.04712843895 s; Finished slit index 164 of 192 , chi^2= 0.3213991171529054
96908.71862459183 s; Finished slit index 165 of 192 , chi^2= 0.3267144720689432
97426.35742330551 s; Finished slit index 166 of 192 , chi^2= 0.3189398540528694
97928.09281611443 s; Finished slit index 167 of 192 , chi^2= 0.3163730282586586
98280.54460000992 s; Finished slit index 168 of 192 , chi^2= 0.31114216393004396
98730.4592719078 s; Finished slit index 169 of 192 , chi^2= 0.2921427737458226
99125.16909766197 s; Finished slit index 170 of 192 , chi^2= 0.27885963518008267
99681.67753124237 s; Finished slit index 171 of 192 , chi^2= 0.2593384107132014
100026.43116474152 s; Finished slit index 172 of 192 , chi^2= 0.2531087899831586
100380.17213869095 s; Finished slit index 173 of 192 , chi^2= 0.24647504270516565
100794.78343296051 s; Finished slit index 174 of 192 , chi^2= 0.262738437971586
101340.16325759888 s; Finished slit index 175 of 192 , chi^2= 0.24349224143434814
101676.88384437561 s; Finished slit index 176 of 192 , chi^2= 0.24019344610288818
102009.41719293594 s; Finished slit index 177 of 192 , chi^2= 0.22700877286864812
102374.22784280777 s; Finished slit index 178 of 192 , chi^2= 0.23354961933555032
102697.93122386932 s; Finished slit index 179 of 192 , chi^2= 0.21147946587677702
102962.55134153366 s; Finished slit index 180 of 192 , chi^2= 0.2153403219062317
103356.63719654083 s; Finished slit index 181 of 192 , chi^2= 0.20118158141805095
103736.06689119339 s; Finished slit index 182 of 192 , chi^2= 0.19785520808164325
104056.23152804375 s; Finished slit index 183 of 192 , chi^2= 0.19952656849270484
104376.35574650764 s; Finished slit index 184 of 192 , chi^2= 0.2145767898858035
104569.56862664223 s; Finished slit index 185 of 192 , chi^2= 0.20750160369323828
104774.70740771294 s; Finished slit index 186 of 192 , chi^2= 0.21263289206707195
104976.67709445953 s; Finished slit index 187 of 192 , chi^2= 0.22382121873226765
105181.54582810402 s; Finished slit index 188 of 192 , chi^2= 0.22478634413913334
105370.4607591629 s; Finished slit index 189 of 192 , chi^2= 0.23963615160065477
105549.16052937508 s; Finished slit index 190 of 192 , chi^2= 0.25310962257719244
105704.44347405434 s; Finished slit index 191 of 192 , chi^2= 0.28891786238150935
0 of 192 0.0
10 of 192 0.0
20 of 192 0.0
30 of 192 0.0
40 of 192 0.0
50 of 192 0.0
60 of 192 0.0
70 of 192 0.0
80 of 192 0.0
90 of 192 0.0
100 of 192 0.0
110 of 192 0.0
120 of 192 0.0
130 of 192 0.0
140 of 192 0.0
150 of 192 0.0
160 of 192 0.0
170 of 192 0.0
180 of 192 0.0
190 of 192 0.0
191 of 192 0.0
Done
